,Exp. m/z,Theor. Mass,Error,Abundance,Signal2Noise,DBE,Cno,Hno,Nno,Ono,Sno,13Cno,18Ono,Formula,HeteroClass
0,254.03862999999998,254.03862999999998,0,1944661,0,7.0,10,10,0,7,0,1,0,13C1 12C10 H10 O7,O7
1,280.0908,280.0908,0,1957194,0,7.0,13,16,0,6,0,1,0,13C1 12C13 H16 O6,O6
2,284.08563,284.08563,0,2457271,0,6.0,12,16,0,7,0,1,0,13C1 12C12 H16 O7,O7
3,296.08572000000004,296.08572000000004,0,3211382,0,7.0,13,16,0,7,0,1,0,13C1 12C13 H16 O7,O7
4,298.06494,298.06494,0,2693617,0,7.0,12,14,0,8,0,1,0,13C1 12C12 H14 O8,O8
5,300.08059,300.08059,0,3524467,0,6.0,12,16,0,8,0,1,0,13C1 12C12 H16 O8,O8
6,310.06492000000003,310.06492000000003,0,1974849,0,8.0,13,14,0,8,0,1,0,13C1 12C13 H14 O8,O8
7,312.0806,312.0806,0,3929995,0,7.0,13,16,0,8,0,1,0,13C1 12C13 H16 O8,O8
8,312.11699,312.11699,0,2585498,0,6.0,14,20,0,7,0,1,0,13C1 12C14 H20 O7,O7
9,314.0599,314.0599,0,3060925,0,7.0,12,14,0,9,0,1,0,13C1 12C12 H14 O9,O9
10,316.07555,316.07555,0,2515957,0,6.0,12,16,0,9,0,1,0,13C1 12C12 H16 O9,O9
11,322.06495,322.06495,0,2112344,0,9.0,14,14,0,8,0,1,0,13C1 12C14 H14 O8,O8
12,324.0805,324.0805,0,2649202,0,8.0,14,16,0,8,0,1,0,13C1 12C14 H16 O8,O8
13,326.05982,326.05982,0,3510647,0,8.0,13,14,0,9,0,1,0,13C1 12C13 H14 O9,O9
14,326.13253,326.13253,0,2091411,0,6.0,15,22,0,7,0,1,0,13C1 12C15 H22 O7,O7
15,328.07551,328.07551,0,3718275,0,7.0,13,16,0,9,0,1,0,13C1 12C13 H16 O9,O9
16,328.11185,328.11185,0,2437777,0,6.0,14,20,0,8,0,1,0,13C1 12C14 H20 O8,O8
17,330.05485,330.05485,0,2394491,0,7.0,12,14,0,10,0,1,0,13C1 12C12 H14 O10,O10
18,334.06486,334.06486,0,2401644,0,10.0,15,14,0,8,0,1,0,13C1 12C15 H14 O8,O8
19,336.08062,336.08062,0,1984095,0,9.0,15,16,0,8,0,1,0,13C1 12C15 H16 O8,O8
20,338.02352,338.02352,0,2085682,0,10.0,13,10,0,10,0,1,0,13C1 12C13 H10 O10,O10
21,338.05996,338.05996,0,2846016,0,9.0,14,14,0,9,0,1,0,13C1 12C14 H14 O9,O9
22,340.07556,340.07556,0,3639849,0,8.0,14,16,0,9,0,1,0,13C1 12C14 H16 O9,O9
23,340.11183,340.11183,0,3002934,0,7.0,15,20,0,8,0,1,0,13C1 12C15 H20 O8,O8
24,342.05471,342.05471,0,2846975,0,8.0,13,14,0,10,0,1,0,13C1 12C13 H14 O10,O10
25,342.12756,342.12756,0,2097434,0,6.0,15,22,0,8,0,1,0,13C1 12C15 H22 O8,O8
26,344.07039,344.07039,0,2178527,0,7.0,13,16,0,10,0,1,0,13C1 12C13 H16 O10,O10
27,344.1068,344.1068,0,2104300,0,6.0,14,20,0,9,0,1,0,13C1 12C14 H20 O9,O9
28,350.05982,350.05982,0,3229774,0,10.0,15,14,0,9,0,1,0,13C1 12C15 H14 O9,O9
29,352.07551,352.07551,0,3663645,0,9.0,15,16,0,9,0,1,0,13C1 12C15 H16 O9,O9
30,352.11176,352.11176,0,2775850,0,8.0,16,20,0,8,0,1,0,13C1 12C16 H20 O8,O8
31,354.01837,354.01837,0,2408399,0,10.0,13,10,0,11,0,1,0,13C1 12C13 H10 O11,O11
32,354.05476,354.05476,0,3685851,0,9.0,14,14,0,10,0,1,0,13C1 12C14 H14 O10,O10
33,354.1275,354.1275,0,2930677,0,7.0,16,22,0,8,0,1,0,13C1 12C16 H22 O8,O8
34,356.03386,356.03386,0,2722967,0,9.0,13,12,0,11,0,1,0,13C1 12C13 H12 O11,O11
35,356.07039,356.07039,0,5225636,0,8.0,14,16,0,10,0,1,0,13C1 12C14 H16 O10,O10
36,356.10685,356.10685,0,3722417,0,7.0,15,20,0,9,0,1,0,13C1 12C15 H20 O9,O9
37,358.04958999999997,358.04958999999997,0,3384156,0,8.0,13,14,0,11,0,1,0,13C1 12C13 H14 O11,O11
38,362.05969,362.05969,0,2774232,0,11.0,16,14,0,9,0,1,0,13C1 12C16 H14 O9,O9
39,364.07552999999996,364.07552999999996,0,2379670,0,10.0,16,16,0,9,0,1,0,13C1 12C16 H16 O9,O9
40,366.05474,366.05474,0,4229701,0,10.0,15,14,0,10,0,1,0,13C1 12C15 H14 O10,O10
41,366.12747,366.12747,0,2440798,0,8.0,17,22,0,8,0,1,0,13C1 12C17 H22 O8,O8
42,368.03399,368.03399,0,3739891,0,10.0,14,12,0,11,0,1,0,13C1 12C14 H12 O11,O11
43,368.07035,368.07035,0,4803840,0,9.0,15,16,0,10,0,1,0,13C1 12C15 H16 O10,O10
44,368.10684,368.10684,0,3370252,0,8.0,16,20,0,9,0,1,0,13C1 12C16 H20 O9,O9
45,370.04967999999997,370.04967999999997,0,4361132,0,9.0,14,14,0,11,0,1,0,13C1 12C14 H14 O11,O11
46,370.08596,370.08596,0,4342713,0,8.0,15,18,0,10,0,1,0,13C1 12C15 H18 O10,O10
47,370.12237000000005,370.12237000000005,0,2640837,0,7.0,16,22,0,9,0,1,0,13C1 12C16 H22 O9,O9
48,372.1017,372.1017,0,3488368,0,7.0,15,20,0,10,0,1,0,13C1 12C15 H20 O10,O10
49,376.07543,376.07543,0,2709450,0,11.0,17,16,0,9,0,1,0,13C1 12C17 H16 O9,O9
50,378.01828,378.01828,0,2006631,0,12.0,15,10,0,11,0,1,0,13C1 12C15 H10 O11,O11
51,378.0548,378.0548,0,5273203,0,11.0,16,14,0,10,0,1,0,13C1 12C16 H14 O10,O10
52,378.12751000000003,378.12751000000003,0,1958028,0,9.0,18,22,0,8,0,1,0,13C1 12C18 H22 O8,O8
53,380.03396000000004,380.03396000000004,0,5292316,0,11.0,15,12,0,11,0,1,0,13C1 12C15 H12 O11,O11
54,380.07032999999996,380.07032999999996,0,5773609,0,10.0,16,16,0,10,0,1,0,13C1 12C16 H16 O10,O10
55,380.10672,380.10672,0,3597621,0,9.0,17,20,0,9,0,1,0,13C1 12C17 H20 O9,O9
56,382.04966,382.04966,0,4487122,0,10.0,15,14,0,11,0,1,0,13C1 12C15 H14 O11,O11
57,382.12239,382.12239,0,3868651,0,8.0,17,22,0,9,0,1,0,13C1 12C17 H22 O9,O9
58,384.02889,384.02889,0,3076732,0,10.0,14,12,0,12,0,1,0,13C1 12C14 H12 O12,O12
59,384.10177999999996,384.10177999999996,0,4352661,0,8.0,16,20,0,10,0,1,0,13C1 12C16 H20 O10,O10
60,386.04463,386.04463,0,3473715,0,9.0,14,14,0,12,0,1,0,13C1 12C14 H14 O12,O12
61,388.09676,388.09676,0,2708471,0,7.0,15,20,0,11,0,1,0,13C1 12C15 H20 O11,O11
62,390.0183,390.0183,0,2017423,0,13.0,16,10,0,11,0,1,0,13C1 12C16 H10 O11,O11
63,390.05476,390.05476,0,2409628,0,12.0,17,14,0,10,0,1,0,13C1 12C17 H14 O10,O10
64,390.12756,390.12756,0,2102965,0,10.0,19,22,0,8,0,1,0,13C1 12C19 H22 O8,O8
65,392.07045,392.07045,0,4575574,0,11.0,17,16,0,10,0,1,0,13C1 12C17 H16 O10,O10
66,392.10677999999996,392.10677999999996,0,2607459,0,10.0,18,20,0,9,0,1,0,13C1 12C18 H20 O9,O9
67,394.04969,394.04969,0,5977093,0,11.0,16,14,0,11,0,1,0,13C1 12C16 H14 O11,O11
68,394.12237000000005,394.12237000000005,0,3448862,0,9.0,18,22,0,9,0,1,0,13C1 12C18 H22 O9,O9
69,396.02886,396.02886,0,4347574,0,11.0,15,12,0,12,0,1,0,13C1 12C15 H12 O12,O12
70,396.10171,396.10171,0,5050064,0,9.0,17,20,0,10,0,1,0,13C1 12C17 H20 O10,O10
71,398.04455,398.04455,0,5101942,0,10.0,15,14,0,12,0,1,0,13C1 12C15 H14 O12,O12
72,398.08097000000004,398.08097000000004,0,4939139,0,9.0,16,18,0,11,0,1,0,13C1 12C16 H18 O11,O11
73,398.15379,398.15379,0,2076572,0,7.0,18,26,0,9,0,1,0,13C1 12C18 H26 O9,O9
74,400.02366,400.02366,0,2202667,0,10.0,14,12,0,13,0,1,0,13C1 12C14 H12 O13,O13
75,400.0967,400.0967,0,3749957,0,8.0,16,20,0,11,0,1,0,13C1 12C16 H20 O11,O11
76,402.0546,402.0546,0,3746550,0,13.0,18,14,0,10,0,1,0,13C1 12C18 H14 O10,O10
77,402.07592,402.07592,0,2743037,0,8.0,15,18,0,12,0,1,0,13C1 12C15 H18 O12,O12
78,404.07046,404.07046,0,3942845,0,12.0,18,16,0,10,0,1,0,13C1 12C18 H16 O10,O10
79,406.04967,406.04967,0,6079612,0,12.0,17,14,0,11,0,1,0,13C1 12C17 H14 O11,O11
80,406.08597000000003,406.08597000000003,0,4785288,0,11.0,18,18,0,10,0,1,0,13C1 12C18 H18 O10,O10
81,406.12251000000003,406.12251000000003,0,3353749,0,10.0,19,22,0,9,0,1,0,13C1 12C19 H22 O9,O9
82,406.15866,406.15866,0,2017442,0,9.0,20,26,0,8,0,1,0,13C1 12C20 H26 O8,O8
83,408.02887999999996,408.02887999999996,0,5545789,0,12.0,16,12,0,12,0,1,0,13C1 12C16 H12 O12,O12
84,408.1018,408.1018,0,4327255,0,10.0,18,20,0,10,0,1,0,13C1 12C18 H20 O10,O10
85,410.04458,410.04458,0,7023119,0,11.0,16,14,0,12,0,1,0,13C1 12C16 H14 O12,O12
86,410.08099999999996,410.08099999999996,0,6466076,0,10.0,17,18,0,11,0,1,0,13C1 12C17 H18 O11,O11
87,410.11736,410.11736,0,5558825,0,9.0,18,22,0,10,0,1,0,13C1 12C18 H22 O10,O10
88,410.15373999999997,410.15373999999997,0,3161654,0,8.0,19,26,0,9,0,1,0,13C1 12C19 H26 O9,O9
89,412.02387999999996,412.02387999999996,0,3223767,0,11.0,15,12,0,13,0,1,0,13C1 12C15 H12 O13,O13
90,412.09661,412.09661,0,6821106,0,9.0,17,20,0,11,0,1,0,13C1 12C17 H20 O11,O11
91,414.03942,414.03942,0,3317681,0,10.0,15,14,0,13,0,1,0,13C1 12C15 H14 O13,O13
92,414.05466,414.05466,0,2117047,0,14.0,19,14,0,10,0,1,0,13C1 12C19 H14 O10,O10
93,414.07589,414.07589,0,4543423,0,9.0,16,18,0,12,0,1,0,13C1 12C16 H18 O12,O12
94,414.14862999999997,414.14862999999997,0,2151385,0,7.0,18,26,0,10,0,1,0,13C1 12C18 H26 O10,O10
95,416.0704,416.0704,0,3478166,0,13.0,19,16,0,10,0,1,0,13C1 12C19 H16 O10,O10
96,416.09146,416.09146,0,2886301,0,8.0,16,20,0,12,0,1,0,13C1 12C16 H20 O12,O12
97,416.12789,416.12789,0,2693803,0,7.0,17,24,0,11,0,1,0,13C1 12C17 H24 O11,O11
98,418.04967,418.04967,0,5330284,0,13.0,18,14,0,11,0,1,0,13C1 12C18 H14 O11,O11
99,420.02897,420.02897,0,5312582,0,13.0,17,12,0,12,0,1,0,13C1 12C17 H12 O12,O12
100,420.1016,420.1016,0,3674209,0,11.0,19,20,0,10,0,1,0,13C1 12C19 H20 O10,O10
101,420.13786,420.13786,0,2174575,0,10.0,20,24,0,9,0,1,0,13C1 12C20 H24 O9,O9
102,422.04456,422.04456,0,8756019,0,12.0,17,14,0,12,0,1,0,13C1 12C17 H14 O12,O12
103,422.08099000000004,422.08099000000004,0,6908737,0,11.0,18,18,0,11,0,1,0,13C1 12C18 H18 O11,O11
104,422.11737999999997,422.11737999999997,0,4664143,0,10.0,19,22,0,10,0,1,0,13C1 12C19 H22 O10,O10
105,422.15377,422.15377,0,2752348,0,9.0,20,26,0,9,0,1,0,13C1 12C20 H26 O9,O9
106,424.02383,424.02383,0,4032024,0,12.0,16,12,0,13,0,1,0,13C1 12C16 H12 O13,O13
107,424.09665,424.09665,0,5791284,0,10.0,18,20,0,11,0,1,0,13C1 12C18 H20 O11,O11
108,424.16929000000005,424.16929000000005,0,2751567,0,8.0,20,28,0,9,0,1,0,13C1 12C20 H28 O9,O9
109,426.03949000000006,426.03949000000006,0,6324497,0,11.0,16,14,0,13,0,1,0,13C1 12C16 H14 O13,O13
110,426.07585,426.07585,0,6713631,0,10.0,17,18,0,12,0,1,0,13C1 12C17 H18 O12,O12
111,426.14867000000004,426.14867000000004,0,3048762,0,8.0,19,26,0,10,0,1,0,13C1 12C19 H26 O10,O10
112,428.09153,428.09153,0,4635677,0,9.0,17,20,0,12,0,1,0,13C1 12C17 H20 O12,O12
113,428.12796,428.12796,0,4023339,0,8.0,18,24,0,11,0,1,0,13C1 12C18 H24 O11,O11
114,430.03442,430.03442,0,2400005,0,10.0,15,14,0,14,0,1,0,13C1 12C15 H14 O14,O14
115,430.04965999999996,430.04965999999996,0,3480331,0,14.0,19,14,0,11,0,1,0,13C1 12C19 H14 O11,O11
116,430.07093,430.07093,0,3536659,0,9.0,16,18,0,13,0,1,0,13C1 12C16 H18 O13,O13
117,430.08594000000005,430.08594000000005,0,2509081,0,13.0,20,18,0,10,0,1,0,13C1 12C20 H18 O10,O10
118,432.02896,432.02896,0,4956678,0,14.0,18,12,0,12,0,1,0,13C1 12C18 H12 O12,O12
119,432.10165,432.10165,0,3143202,0,12.0,20,20,0,10,0,1,0,13C1 12C20 H20 O10,O10
120,434.00789000000003,434.00789000000003,0,1975557,0,14.0,17,10,0,13,0,1,0,13C1 12C17 H10 O13,O13
121,434.04463,434.04463,0,7542035,0,13.0,18,14,0,12,0,1,0,13C1 12C18 H14 O12,O12
122,434.08092,434.08092,0,5860642,0,12.0,19,18,0,11,0,1,0,13C1 12C19 H18 O11,O11
123,434.15375,434.15375,0,3167550,0,10.0,21,26,0,9,0,1,0,13C1 12C21 H26 O9,O9
124,436.0238,436.0238,0,5859352,0,13.0,17,12,0,13,0,1,0,13C1 12C17 H12 O13,O13
125,436.0967,436.0967,0,6092852,0,11.0,19,20,0,11,0,1,0,13C1 12C19 H20 O11,O11
126,436.13297,436.13297,0,4140098,0,10.0,20,24,0,10,0,1,0,13C1 12C20 H24 O10,O10
127,436.16927000000004,436.16927000000004,0,2483280,0,9.0,21,28,0,9,0,1,0,13C1 12C21 H28 O9,O9
128,438.03955,438.03955,0,7199534,0,12.0,17,14,0,13,0,1,0,13C1 12C17 H14 O13,O13
129,438.07592,438.07592,0,7547709,0,11.0,18,18,0,12,0,1,0,13C1 12C18 H18 O12,O12
130,438.1487,438.1487,0,3581785,0,9.0,20,26,0,10,0,1,0,13C1 12C20 H26 O10,O10
131,438.18499,438.18499,0,1994087,0,8.0,21,30,0,9,0,1,0,13C1 12C21 H30 O9,O9
132,440.01870999999994,440.01870999999994,0,3082810,0,12.0,16,12,0,14,0,1,0,13C1 12C16 H12 O14,O14
133,440.09153,440.09153,0,6205015,0,10.0,18,20,0,12,0,1,0,13C1 12C18 H20 O12,O12
134,442.03455999999994,442.03455999999994,0,3644761,0,11.0,16,14,0,14,0,1,0,13C1 12C16 H14 O14,O14
135,442.04965999999996,442.04965999999996,0,2812255,0,15.0,20,14,0,11,0,1,0,13C1 12C20 H14 O11,O11
136,442.07079000000004,442.07079000000004,0,6170983,0,10.0,17,18,0,13,0,1,0,13C1 12C17 H18 O13,O13
137,442.14365,442.14365,0,3338628,0,8.0,19,26,0,11,0,1,0,13C1 12C19 H26 O11,O11
138,444.02889000000005,444.02889000000005,0,3757170,0,15.0,19,12,0,12,0,1,0,13C1 12C19 H12 O12,O12
139,444.08640999999994,444.08640999999994,0,3902601,0,9.0,17,20,0,13,0,1,0,13C1 12C17 H20 O13,O13
140,444.1015,444.1015,0,2213007,0,13.0,21,20,0,10,0,1,0,13C1 12C21 H20 O10,O10
141,446.04465,446.04465,0,6334359,0,14.0,19,14,0,12,0,1,0,13C1 12C19 H14 O12,O12
142,446.11720999999994,446.11720999999994,0,2362292,0,12.0,21,22,0,10,0,1,0,13C1 12C21 H22 O10,O10
143,446.15376,446.15376,0,2083779,0,11.0,22,26,0,9,0,1,0,13C1 12C22 H26 O9,O9
144,448.0238,448.0238,0,4780720,0,14.0,18,12,0,13,0,1,0,13C1 12C18 H12 O13,O13
145,448.09657000000004,448.09657000000004,0,5661389,0,12.0,20,20,0,11,0,1,0,13C1 12C20 H20 O11,O11
146,448.13274,448.13274,0,3258076,0,11.0,21,24,0,10,0,1,0,13C1 12C21 H24 O10,O10
147,450.03949000000006,450.03949000000006,0,9956826,0,13.0,18,14,0,13,0,1,0,13C1 12C18 H14 O13,O13
148,450.07582,450.07582,0,9784809,0,12.0,19,18,0,12,0,1,0,13C1 12C19 H18 O12,O12
149,450.14856,450.14856,0,3358214,0,10.0,21,26,0,10,0,1,0,13C1 12C21 H26 O10,O10
150,452.01882,452.01882,0,4647160,0,13.0,17,12,0,14,0,1,0,13C1 12C17 H12 O14,O14
151,452.09155,452.09155,0,6705429,0,11.0,19,20,0,12,0,1,0,13C1 12C19 H20 O12,O12
152,452.12774,452.12774,0,4448548,0,10.0,20,24,0,11,0,1,0,13C1 12C20 H24 O11,O11
153,454.03442,454.03442,0,5880870,0,12.0,17,14,0,14,0,1,0,13C1 12C17 H14 O14,O14
154,454.04969000000006,454.04969000000006,0,2149420,0,16.0,21,14,0,11,0,1,0,13C1 12C21 H14 O11,O11
155,454.07086,454.07086,0,8055861,0,11.0,18,18,0,13,0,1,0,13C1 12C18 H18 O13,O13
156,454.14367000000004,454.14367000000004,0,4330579,0,9.0,20,26,0,11,0,1,0,13C1 12C20 H26 O11,O11
157,454.17997,454.17997,0,2609249,0,8.0,21,30,0,10,0,1,0,13C1 12C21 H30 O10,O10
158,456.02877,456.02877,0,3532621,0,16.0,20,12,0,12,0,1,0,13C1 12C20 H12 O12,O12
159,456.08644000000004,456.08644000000004,0,4980581,0,10.0,18,20,0,13,0,1,0,13C1 12C18 H20 O13,O13
160,456.12289000000004,456.12289000000004,0,4611956,0,9.0,19,24,0,12,0,1,0,13C1 12C19 H24 O12,O12
161,458.04465999999996,458.04465999999996,0,4663935,0,15.0,20,14,0,12,0,1,0,13C1 12C20 H14 O12,O12
162,458.06567,458.06567,0,3527303,0,10.0,17,18,0,14,0,1,0,13C1 12C17 H18 O14,O14
163,460.02395,460.02395,0,4746658,0,15.0,19,12,0,13,0,1,0,13C1 12C19 H12 O13,O13
164,460.13295,460.13295,0,2430414,0,12.0,22,24,0,10,0,1,0,13C1 12C22 H24 O10,O10
165,462.03958,462.03958,0,8728789,0,14.0,19,14,0,13,0,1,0,13C1 12C19 H14 O13,O13
166,462.0759,462.0759,0,7215332,0,13.0,20,18,0,12,0,1,0,13C1 12C20 H18 O12,O12
167,462.14878,462.14878,0,2749697,0,11.0,22,26,0,10,0,1,0,13C1 12C22 H26 O10,O10
168,464.01864000000006,464.01864000000006,0,4903929,0,14.0,18,12,0,14,0,1,0,13C1 12C18 H12 O14,O14
169,464.0915,464.0915,0,5663767,0,12.0,20,20,0,12,0,1,0,13C1 12C20 H20 O12,O12
170,464.12789000000004,464.12789000000004,0,3310630,0,11.0,21,24,0,11,0,1,0,13C1 12C21 H24 O11,O11
171,466.03442,466.03442,0,7305005,0,13.0,18,14,0,14,0,1,0,13C1 12C18 H14 O14,O14
172,466.07084000000003,466.07084000000003,0,9484091,0,12.0,19,18,0,13,0,1,0,13C1 12C19 H18 O13,O13
173,466.14360999999997,466.14360999999997,0,3723097,0,10.0,21,26,0,11,0,1,0,13C1 12C21 H26 O11,O11
174,466.17995,466.17995,0,2431848,0,9.0,22,30,0,10,0,1,0,13C1 12C22 H30 O10,O10
175,468.08648,468.08648,0,7303791,0,11.0,19,20,0,13,0,1,0,13C1 12C19 H20 O13,O13
176,468.12282999999996,468.12282999999996,0,5358206,0,10.0,20,24,0,12,0,1,0,13C1 12C20 H24 O12,O12
177,468.15855,468.15855,0,2047628,0,9.0,21,28,0,11,0,1,0,13C1 12C21 H28 O11,O11
178,470.02938,470.02938,0,3084676,0,12.0,17,14,0,15,0,1,0,13C1 12C17 H14 O15,O15
179,470.0447,470.0447,0,4034954,0,16.0,21,14,0,12,0,1,0,13C1 12C21 H14 O12,O12
180,470.06582000000003,470.06582000000003,0,6163859,0,11.0,18,18,0,14,0,1,0,13C1 12C18 H18 O14,O14
181,470.13853,470.13853,0,4143536,0,9.0,20,26,0,12,0,1,0,13C1 12C20 H26 O12,O12
182,472.02382,472.02382,0,4187309,0,16.0,20,12,0,13,0,1,0,13C1 12C20 H12 O13,O13
183,472.08149000000003,472.08149000000003,0,3576004,0,10.0,18,20,0,14,0,1,0,13C1 12C18 H20 O14,O14
184,472.09682000000004,472.09682000000004,0,2385099,0,14.0,22,20,0,11,0,1,0,13C1 12C22 H20 O11,O11
185,472.11771,472.11771,0,2806995,0,9.0,19,24,0,13,0,1,0,13C1 12C19 H24 O13,O13
186,474.00275999999997,474.00275999999997,0,2442703,0,16.0,19,10,0,14,0,1,0,13C1 12C19 H10 O14,O14
187,474.03952999999996,474.03952999999996,0,7173086,0,15.0,20,14,0,13,0,1,0,13C1 12C20 H14 O13,O13
188,474.07592999999997,474.07592999999997,0,5833709,0,14.0,21,18,0,12,0,1,0,13C1 12C21 H18 O12,O12
189,476.01876,476.01876,0,5236479,0,15.0,19,12,0,14,0,1,0,13C1 12C19 H12 O14,O14
190,476.09166,476.09166,0,5543708,0,13.0,21,20,0,12,0,1,0,13C1 12C21 H20 O12,O12
191,476.12794,476.12794,0,3574571,0,12.0,22,24,0,11,0,1,0,13C1 12C22 H24 O11,O11
192,476.16425999999996,476.16425999999996,0,2080569,0,11.0,23,28,0,10,0,1,0,13C1 12C23 H28 O10,O10
193,478.03437,478.03437,0,7531052,0,14.0,19,14,0,14,0,1,0,13C1 12C19 H14 O14,O14
194,478.0708,478.0708,0,9849403,0,13.0,20,18,0,13,0,1,0,13C1 12C20 H18 O13,O13
195,478.14347000000004,478.14347000000004,0,4046424,0,11.0,22,26,0,11,0,1,0,13C1 12C22 H26 O11,O11
196,480.01365999999996,480.01365999999996,0,2638153,0,14.0,18,12,0,15,0,1,0,13C1 12C18 H12 O15,O15
197,480.08648,480.08648,0,7775591,0,12.0,20,20,0,13,0,1,0,13C1 12C20 H20 O13,O13
198,480.12293,480.12293,0,5242229,0,11.0,21,24,0,12,0,1,0,13C1 12C21 H24 O12,O12
199,480.15887000000004,480.15887000000004,0,2518404,0,10.0,22,28,0,11,0,1,0,13C1 12C22 H28 O11,O11
200,482.06579000000005,482.06579000000005,0,9379969,0,12.0,19,18,0,14,0,1,0,13C1 12C19 H18 O14,O14
201,482.13855,482.13855,0,3375262,0,10.0,21,26,0,12,0,1,0,13C1 12C21 H26 O12,O12
202,484.04498,484.04498,0,5247898,0,12.0,18,16,0,15,0,1,0,13C1 12C18 H16 O15,O15
203,484.08140999999995,484.08140999999995,0,5647272,0,11.0,19,20,0,14,0,1,0,13C1 12C19 H20 O14,O14
204,484.09632999999997,484.09632999999997,0,2390446,0,15.0,23,20,0,11,0,1,0,13C1 12C23 H20 O11,O11
205,484.11765999999994,484.11765999999994,0,3879862,0,10.0,20,24,0,13,0,1,0,13C1 12C20 H24 O13,O13
206,486.03950999999995,486.03950999999995,0,6028981,0,16.0,21,14,0,13,0,1,0,13C1 12C21 H14 O13,O13
207,486.06077999999997,486.06077999999997,0,3172029,0,11.0,18,18,0,15,0,1,0,13C1 12C18 H18 O15,O15
208,486.07590999999996,486.07590999999996,0,3885763,0,15.0,22,18,0,12,0,1,0,13C1 12C22 H18 O12,O12
209,488.01860999999997,488.01860999999997,0,4084167,0,16.0,20,12,0,14,0,1,0,13C1 12C20 H12 O14,O14
210,488.09157000000005,488.09157000000005,0,3586532,0,14.0,22,20,0,12,0,1,0,13C1 12C22 H20 O12,O12
211,490.03442,490.03442,0,7318756,0,15.0,20,14,0,14,0,1,0,13C1 12C20 H14 O14,O14
212,490.0708,490.0708,0,8285427,0,14.0,21,18,0,13,0,1,0,13C1 12C21 H18 O13,O13
213,492.08657999999997,492.08657999999997,0,6748172,0,13.0,21,20,0,13,0,1,0,13C1 12C21 H20 O13,O13
214,492.12280999999996,492.12280999999996,0,3398682,0,12.0,22,24,0,12,0,1,0,13C1 12C22 H24 O12,O12
215,494.0595,494.0595,0,2199312,0,22.0,27,14,0,9,0,1,0,13C1 12C27 H14 O9,O9
216,494.06577000000004,494.06577000000004,0,9143059,0,13.0,20,18,0,14,0,1,0,13C1 12C20 H18 O14,O14
217,494.13852,494.13852,0,3601199,0,11.0,22,26,0,12,0,1,0,13C1 12C22 H26 O12,O12
218,494.17463,494.17463,0,2116413,0,10.0,23,30,0,11,0,1,0,13C1 12C23 H30 O11,O11
219,496.08142999999995,496.08142999999995,0,6772260,0,12.0,20,20,0,14,0,1,0,13C1 12C20 H20 O14,O14
220,496.11771,496.11771,0,4734514,0,11.0,21,24,0,13,0,1,0,13C1 12C21 H24 O13,O13
221,498.03963,498.03963,0,3174682,0,17.0,22,14,0,13,0,1,0,13C1 12C22 H14 O13,O13
222,498.06060999999994,498.06060999999994,0,5685538,0,12.0,19,18,0,15,0,1,0,13C1 12C19 H18 O15,O15
223,498.09697,498.09697,0,4392240,0,11.0,20,22,0,14,0,1,0,13C1 12C20 H22 O14,O14
224,498.1333,498.1333,0,2281278,0,10.0,21,26,0,13,0,1,0,13C1 12C21 H26 O13,O13
225,500.01881,500.01881,0,3779603,0,17.0,21,12,0,14,0,1,0,13C1 12C21 H12 O14,O14
226,500.09144000000003,500.09144000000003,0,3189807,0,15.0,23,20,0,12,0,1,0,13C1 12C23 H20 O12,O12
227,500.11245999999994,500.11245999999994,0,2647095,0,10.0,20,24,0,14,0,1,0,13C1 12C20 H24 O14,O14
228,502.03452000000004,502.03452000000004,0,6545173,0,16.0,21,14,0,14,0,1,0,13C1 12C21 H14 O14,O14
229,502.07095999999996,502.07095999999996,0,6879011,0,15.0,22,18,0,13,0,1,0,13C1 12C22 H18 O13,O13
230,504.0137,504.0137,0,4026883,0,16.0,20,12,0,15,0,1,0,13C1 12C20 H12 O15,O15
231,504.08651,504.08651,0,5923359,0,14.0,22,20,0,13,0,1,0,13C1 12C22 H20 O13,O13
232,504.12284000000005,504.12284000000005,0,2662956,0,13.0,23,24,0,12,0,1,0,13C1 12C23 H24 O12,O12
233,506.06577999999996,506.06577999999996,0,8881415,0,14.0,21,18,0,14,0,1,0,13C1 12C21 H18 O14,O14
234,506.13847000000004,506.13847000000004,0,3221795,0,12.0,23,26,0,12,0,1,0,13C1 12C23 H26 O12,O12
235,508.04489,508.04489,0,6354922,0,14.0,20,16,0,15,0,1,0,13C1 12C20 H16 O15,O15
236,508.08142000000004,508.08142000000004,0,6918136,0,13.0,21,20,0,14,0,1,0,13C1 12C21 H20 O14,O14
237,508.11792,508.11792,0,4429829,0,12.0,22,24,0,13,0,1,0,13C1 12C22 H24 O13,O13
238,508.19065,508.19065,0,2162720,0,10.0,24,32,0,11,0,1,0,13C1 12C24 H32 O11,O11
239,510.03902,510.03902,0,2568908,0,18.0,23,14,0,13,0,1,0,13C1 12C23 H14 O13,O13
240,510.0607,510.0607,0,8559315,0,13.0,20,18,0,15,0,1,0,13C1 12C20 H18 O15,O15
241,510.07597999999996,510.07597999999996,0,2240729,0,17.0,24,18,0,12,0,1,0,13C1 12C24 H18 O12,O12
242,510.13344000000006,510.13344000000006,0,3791598,0,11.0,22,26,0,13,0,1,0,13C1 12C22 H26 O13,O13
243,512.01864,512.01864,0,2687393,0,18.0,22,12,0,14,0,1,0,13C1 12C22 H12 O14,O14
244,514.03453,514.03453,0,4718717,0,17.0,22,14,0,14,0,1,0,13C1 12C22 H14 O14,O14
245,514.05552,514.05552,0,2766981,0,12.0,19,18,0,16,0,1,0,13C1 12C19 H18 O16,O16
246,514.0708400000001,514.0708400000001,0,4640906,0,16.0,23,18,0,13,0,1,0,13C1 12C23 H18 O13,O13
247,514.09194,514.09194,0,2280594,0,11.0,20,22,0,15,0,1,0,13C1 12C20 H22 O15,O15
248,516.01385,516.01385,0,3540805,0,17.0,21,12,0,15,0,1,0,13C1 12C21 H12 O15,O15
249,516.0865,516.0865,0,4758367,0,15.0,23,20,0,13,0,1,0,13C1 12C23 H20 O13,O13
250,516.12274,516.12274,0,2626412,0,14.0,24,24,0,12,0,1,0,13C1 12C24 H24 O12,O12
251,518.0294,518.0294,0,5744145,0,16.0,21,14,0,15,0,1,0,13C1 12C21 H14 O15,O15
252,518.06577,518.06577,0,5985822,0,15.0,22,18,0,14,0,1,0,13C1 12C22 H18 O14,O14
253,518.1018799999999,518.1018799999999,0,4142635,0,14.0,23,22,0,13,0,1,0,13C1 12C23 H22 O13,O13
254,518.13847,518.13847,0,2031672,0,13.0,24,26,0,12,0,1,0,13C1 12C24 H26 O12,O12
255,520.08141,520.08141,0,6856931,0,14.0,22,20,0,14,0,1,0,13C1 12C22 H20 O14,O14
256,520.11775,520.11775,0,3891440,0,13.0,23,24,0,13,0,1,0,13C1 12C23 H24 O13,O13
257,520.1539700000001,520.1539700000001,0,2206972,0,12.0,24,28,0,12,0,1,0,13C1 12C24 H28 O12,O12
258,522.0607,522.0607,0,8702866,0,14.0,21,18,0,15,0,1,0,13C1 12C21 H18 O15,O15
259,522.09694,522.09694,0,5363615,0,13.0,22,22,0,14,0,1,0,13C1 12C22 H22 O14,O14
260,522.1335,522.1335,0,3046316,0,12.0,23,26,0,13,0,1,0,13C1 12C23 H26 O13,O13
261,522.16967,522.16967,0,2444216,0,11.0,24,30,0,12,0,1,0,13C1 12C24 H30 O12,O12
262,524.03992,524.03992,0,4206138,0,14.0,20,16,0,16,0,1,0,13C1 12C20 H16 O16,O16
263,524.07627,524.07627,0,5140038,0,13.0,21,20,0,15,0,1,0,13C1 12C21 H20 O15,O15
264,524.11267,524.11267,0,4120146,0,12.0,22,24,0,14,0,1,0,13C1 12C22 H24 O14,O14
265,524.1489,524.1489,0,2219615,0,11.0,23,28,0,13,0,1,0,13C1 12C23 H28 O13,O13
266,526.03422,526.03422,0,3326173,0,18.0,23,14,0,14,0,1,0,13C1 12C23 H14 O14,O14
267,526.05577,526.05577,0,3483877,0,13.0,20,18,0,16,0,1,0,13C1 12C20 H18 O16,O16
268,526.07075,526.07075,0,2455786,0,17.0,24,18,0,13,0,1,0,13C1 12C24 H18 O13,O13
269,526.09196,526.09196,0,3989745,0,12.0,21,22,0,15,0,1,0,13C1 12C21 H22 O15,O15
270,528.01387,528.01387,0,2391923,0,18.0,22,12,0,15,0,1,0,13C1 12C22 H12 O15,O15
271,528.08645,528.08645,0,3168139,0,16.0,24,20,0,13,0,1,0,13C1 12C24 H20 O13,O13
272,530.0294,530.0294,0,5053964,0,17.0,22,14,0,15,0,1,0,13C1 12C22 H14 O15,O15
273,530.0656799999999,530.0656799999999,0,5588503,0,16.0,23,18,0,14,0,1,0,13C1 12C23 H18 O14,O14
274,530.1383099999999,530.1383099999999,0,2214447,0,14.0,25,26,0,12,0,1,0,13C1 12C25 H26 O12,O12
275,532.0815299999999,532.0815299999999,0,5431462,0,15.0,23,20,0,14,0,1,0,13C1 12C23 H20 O14,O14
276,532.11775,532.11775,0,2430129,0,14.0,24,24,0,13,0,1,0,13C1 12C24 H24 O13,O13
277,534.06064,534.06064,0,6875934,0,15.0,22,18,0,15,0,1,0,13C1 12C22 H18 O15,O15
278,534.1332,534.1332,0,2451253,0,13.0,24,26,0,13,0,1,0,13C1 12C24 H26 O13,O13
279,536.0762599999999,536.0762599999999,0,6501784,0,14.0,22,20,0,15,0,1,0,13C1 12C22 H20 O15,O15
280,536.11245,536.11245,0,3525027,0,13.0,23,24,0,14,0,1,0,13C1 12C23 H24 O14,O14
281,538.03403,538.03403,0,2058229,0,19.0,24,14,0,14,0,1,0,13C1 12C24 H14 O14,O14
282,538.0556799999999,538.0556799999999,0,5609468,0,14.0,21,18,0,16,0,1,0,13C1 12C21 H18 O16,O16
283,540.10768,540.10768,0,2407019,0,12.0,22,24,0,15,0,1,0,13C1 12C22 H24 O15,O15
284,540.18061,540.18061,0,2200193,0,10.0,24,32,0,13,0,1,0,13C1 12C24 H32 O13,O13
285,542.02928,542.02928,0,3484840,0,18.0,23,14,0,15,0,1,0,13C1 12C23 H14 O15,O15
286,542.06573,542.06573,0,4261042,0,17.0,24,18,0,14,0,1,0,13C1 12C24 H18 O14,O14
287,542.0869,542.0869,0,2365625,0,12.0,21,22,0,16,0,1,0,13C1 12C21 H22 O16,O16
288,542.12327,542.12327,0,2012355,0,11.0,22,26,0,15,0,1,0,13C1 12C22 H26 O15,O15
289,544.00865,544.00865,0,2129642,0,18.0,22,12,0,16,0,1,0,13C1 12C22 H12 O16,O16
290,544.0812099999999,544.0812099999999,0,3714815,0,16.0,24,20,0,14,0,1,0,13C1 12C24 H20 O14,O14
291,544.1177,544.1177,0,2608906,0,15.0,25,24,0,13,0,1,0,13C1 12C25 H24 O13,O13
292,546.06081,546.06081,0,5712182,0,16.0,23,18,0,15,0,1,0,13C1 12C23 H18 O15,O15
293,548.03996,548.03996,0,4975457,0,16.0,22,16,0,16,0,1,0,13C1 12C22 H16 O16,O16
294,548.1125099999999,548.1125099999999,0,3128181,0,14.0,24,24,0,14,0,1,0,13C1 12C24 H24 O14,O14
295,550.05567,550.05567,0,5778826,0,15.0,22,18,0,16,0,1,0,13C1 12C22 H18 O16,O16
296,550.0919200000001,550.0919200000001,0,4504980,0,14.0,23,22,0,15,0,1,0,13C1 12C23 H22 O15,O15
297,550.1283099999999,550.1283099999999,0,2625950,0,13.0,24,26,0,14,0,1,0,13C1 12C24 H26 O14,O14
298,552.03497,552.03497,0,3284892,0,15.0,21,16,0,17,0,1,0,13C1 12C21 H16 O17,O17
299,552.10746,552.10746,0,2591663,0,13.0,23,24,0,15,0,1,0,13C1 12C23 H24 O15,O15
300,554.05065,554.05065,0,2233771,0,14.0,21,18,0,17,0,1,0,13C1 12C21 H18 O17,O17
301,554.06597,554.06597,0,2914735,0,18.0,25,18,0,14,0,1,0,13C1 12C25 H18 O14,O14
302,554.08688,554.08688,0,3578293,0,13.0,22,22,0,16,0,1,0,13C1 12C22 H22 O16,O16
303,556.04491,556.04491,0,3354536,0,18.0,24,16,0,15,0,1,0,13C1 12C24 H16 O15,O15
304,556.08141,556.08141,0,2737074,0,17.0,25,20,0,14,0,1,0,13C1 12C25 H20 O14,O14
305,556.10271,556.10271,0,2417591,0,12.0,22,24,0,16,0,1,0,13C1 12C22 H24 O16,O16
306,558.0606799999999,558.0606799999999,0,4445599,0,17.0,24,18,0,15,0,1,0,13C1 12C24 H18 O15,O15
307,558.13332,558.13332,0,2123185,0,15.0,26,26,0,13,0,1,0,13C1 12C26 H26 O13,O13
308,560.07648,560.07648,0,5556105,0,16.0,24,20,0,15,0,1,0,13C1 12C24 H20 O15,O15
309,560.1127799999999,560.1127799999999,0,3047314,0,15.0,25,24,0,14,0,1,0,13C1 12C25 H24 O14,O14
310,562.05559,562.05559,0,5017952,0,16.0,23,18,0,16,0,1,0,13C1 12C23 H18 O16,O16
311,562.0919700000001,562.0919700000001,0,4327784,0,15.0,24,22,0,15,0,1,0,13C1 12C24 H22 O15,O15
312,564.03499,564.03499,0,3769131,0,16.0,22,16,0,17,0,1,0,13C1 12C22 H16 O17,O17
313,564.10771,564.10771,0,3851068,0,14.0,24,24,0,15,0,1,0,13C1 12C24 H24 O15,O15
314,566.05039,566.05039,0,3163381,0,15.0,22,18,0,17,0,1,0,13C1 12C22 H18 O17,O17
315,566.0654900000001,566.0654900000001,0,2231544,0,19.0,26,18,0,14,0,1,0,13C1 12C26 H18 O14,O14
316,568.1020900000001,568.1020900000001,0,2703036,0,13.0,23,24,0,16,0,1,0,13C1 12C23 H24 O16,O16
317,570.0607200000001,570.0607200000001,0,3534949,0,18.0,25,18,0,15,0,1,0,13C1 12C25 H18 O15,O15
318,570.0819700000001,570.0819700000001,0,2263145,0,13.0,22,22,0,17,0,1,0,13C1 12C22 H22 O17,O17
319,572.07643,572.07643,0,3588624,0,17.0,25,20,0,15,0,1,0,13C1 12C25 H20 O15,O15
320,572.11269,572.11269,0,2187800,0,16.0,26,24,0,14,0,1,0,13C1 12C26 H24 O14,O14
321,574.05564,574.05564,0,4211627,0,17.0,24,18,0,16,0,1,0,13C1 12C24 H18 O16,O16
322,574.0919200000001,574.0919200000001,0,3736499,0,16.0,25,22,0,15,0,1,0,13C1 12C25 H22 O15,O15
323,576.03474,576.03474,0,3456318,0,17.0,23,16,0,17,0,1,0,13C1 12C23 H16 O17,O17
324,576.0712599999999,576.0712599999999,0,4914501,0,16.0,24,20,0,16,0,1,0,13C1 12C24 H20 O16,O16
325,576.10783,576.10783,0,4003148,0,15.0,25,24,0,15,0,1,0,13C1 12C25 H24 O15,O15
326,578.05063,578.05063,0,4271823,0,16.0,23,18,0,17,0,1,0,13C1 12C23 H18 O17,O17
327,578.12343,578.12343,0,2362077,0,14.0,25,26,0,15,0,1,0,13C1 12C25 H26 O15,O15
328,580.10287,580.10287,0,3650655,0,14.0,24,24,0,16,0,1,0,13C1 12C24 H24 O16,O16
329,584.03996,584.03996,0,4221769,0,19.0,25,16,0,16,0,1,0,13C1 12C25 H16 O16,O16
330,584.07615,584.07615,0,2646864,0,18.0,26,20,0,15,0,1,0,13C1 12C26 H20 O15,O15
331,586.05557,586.05557,0,4035772,0,18.0,25,18,0,16,0,1,0,13C1 12C25 H18 O16,O16
332,586.09182,586.09182,0,3092675,0,17.0,26,22,0,15,0,1,0,13C1 12C26 H22 O15,O15
333,588.03468,588.03468,0,3847714,0,18.0,24,16,0,17,0,1,0,13C1 12C24 H16 O17,O17
334,590.05077,590.05077,0,4292489,0,17.0,24,18,0,17,0,1,0,13C1 12C24 H18 O17,O17
335,590.08688,590.08688,0,3894159,0,16.0,25,22,0,16,0,1,0,13C1 12C25 H22 O16,O16
336,592.02963,592.02963,0,2107619,0,17.0,23,16,0,18,0,1,0,13C1 12C23 H16 O18,O18
337,592.10273,592.10273,0,2817264,0,15.0,25,24,0,16,0,1,0,13C1 12C25 H24 O16,O16
338,594.04552,594.04552,0,2359870,0,16.0,23,18,0,18,0,1,0,13C1 12C23 H18 O18,O18
339,594.08195,594.08195,0,3822149,0,15.0,24,22,0,17,0,1,0,13C1 12C24 H22 O17,O17
340,598.05552,598.05552,0,2885858,0,19.0,26,18,0,16,0,1,0,13C1 12C26 H18 O16,O16
341,600.0348299999999,600.0348299999999,0,2556457,0,19.0,25,16,0,17,0,1,0,13C1 12C25 H16 O17,O17
342,602.05058,602.05058,0,4048754,0,18.0,25,18,0,17,0,1,0,13C1 12C25 H18 O17,O17
343,604.10247,604.10247,0,3166398,0,16.0,26,24,0,16,0,1,0,13C1 12C26 H24 O16,O16
344,604.13873,604.13873,0,2373828,0,15.0,27,28,0,15,0,1,0,13C1 12C27 H28 O15,O15
345,606.04548,606.04548,0,2909684,0,17.0,24,18,0,18,0,1,0,13C1 12C24 H18 O18,O18
346,606.08178,606.08178,0,3109370,0,16.0,25,22,0,17,0,1,0,13C1 12C25 H22 O17,O17
347,608.03982,608.03982,0,2246448,0,21.0,27,16,0,16,0,1,0,13C1 12C27 H16 O16,O16
348,608.09788,608.09788,0,2671418,0,15.0,25,24,0,17,0,1,0,13C1 12C25 H24 O17,O17
349,610.1497,610.1497,0,2226300,0,13.0,26,30,0,16,0,1,0,13C1 12C26 H30 O16,O16
350,614.05081,614.05081,0,3186396,0,19.0,26,18,0,17,0,1,0,13C1 12C26 H18 O17,O17
351,616.1028200000001,616.1028200000001,0,2037273,0,17.0,27,24,0,16,0,1,0,13C1 12C27 H24 O16,O16
352,618.04598,618.04598,0,2950468,0,18.0,25,18,0,18,0,1,0,13C1 12C25 H18 O18,O18
353,618.08188,618.08188,0,4113738,0,17.0,26,22,0,17,0,1,0,13C1 12C26 H22 O17,O17
354,620.06098,620.06098,0,2622074,0,17.0,25,20,0,18,0,1,0,13C1 12C25 H20 O18,O18
355,620.09772,620.09772,0,4123264,0,16.0,26,24,0,17,0,1,0,13C1 12C26 H24 O17,O17
356,626.0509999999999,626.0509999999999,0,2176532,0,20.0,27,18,0,17,0,1,0,13C1 12C27 H18 O17,O17
357,628.0299200000001,628.0299200000001,0,2301765,0,20.0,26,16,0,18,0,1,0,13C1 12C26 H16 O18,O18
358,628.10246,628.10246,0,2078545,0,18.0,28,24,0,16,0,1,0,13C1 12C28 H24 O16,O16
359,630.04545,630.04545,0,2043006,0,19.0,26,18,0,18,0,1,0,13C1 12C26 H18 O18,O18
360,632.06095,632.06095,0,2563512,0,18.0,26,20,0,18,0,1,0,13C1 12C26 H20 O18,O18
361,632.09767,632.09767,0,2741182,0,17.0,27,24,0,17,0,1,0,13C1 12C27 H24 O17,O17
362,634.07667,634.07667,0,2241780,0,17.0,26,22,0,18,0,1,0,13C1 12C26 H22 O18,O18
363,636.09252,636.09252,0,2700339,0,16.0,26,24,0,18,0,1,0,13C1 12C26 H24 O18,O18
364,638.08664,638.08664,0,2510193,0,20.0,29,22,0,16,0,1,0,13C1 12C29 H22 O16,O16
365,646.04047,646.04047,0,2480774,0,19.0,26,18,0,19,0,1,0,13C1 12C26 H18 O19,O19
366,646.07663,646.07663,0,3703436,0,18.0,27,22,0,18,0,1,0,13C1 12C27 H22 O18,O18
367,650.07177,650.07177,0,2139444,0,17.0,26,22,0,19,0,1,0,13C1 12C26 H22 O19,O19
368,419.07321,419.07321,0,2010341,0,8.0,15,18,0,13,0,2,0,13C2 12C15 H18 O13,O13
369,447.06812,447.06812,0,2439473,0,9.0,16,18,0,14,0,2,0,13C2 12C16 H18 O14,O14
370,615.05301,615.05301,0,2077559,0,19.0,26,18,0,17,0,2,0,13C2 12C26 H18 O17,O17
371,629.0321700000001,629.0321700000001,0,2092001,0,20.0,26,16,0,18,0,2,0,13C2 12C26 H16 O18,O18
372,439.04019000000005,439.04019000000005,0,2195640,0,12.0,17,14,0,13,0,0,1,C17 H14 18O1 16O13,O13
373,471.06041,471.06041,0,4683558,0,20.0,25,14,0,9,0,0,1,C25 H14 18O1 16O9,O9
374,483.06043,483.06043,0,3705360,0,21.0,26,14,0,9,0,0,1,C26 H14 18O1 16O9,O9
375,485.07610999999997,485.07610999999997,0,2999605,0,20.0,26,16,0,9,0,0,1,C26 H16 18O1 16O9,O9
376,485.11255,485.11255,0,3902788,0,19.0,27,20,0,8,0,0,1,C27 H20 18O1 16O8,O8
377,489.01312,489.01312,0,2781009,0,25.0,27,8,0,9,0,0,1,C27 H8 18O1 16O9,O9
378,493.00837,493.00837,0,2307445,0,24.0,26,8,0,10,0,0,1,C26 H8 18O1 16O10,O10
379,493.04439,493.04439,0,2451331,0,23.0,27,12,0,9,0,0,1,C27 H12 18O1 16O9,O9
380,495.02395,495.02395,0,4392073,0,23.0,26,10,0,10,0,0,1,C26 H10 18O1 16O10,O10
381,495.06035,495.06035,0,3256471,0,22.0,27,14,0,9,0,0,1,C27 H14 18O1 16O9,O9
382,497.03964,497.03964,0,4063127,0,22.0,26,12,0,10,0,0,1,C26 H12 18O1 16O10,O10
383,499.05562000000003,499.05562000000003,0,4035233,0,21.0,26,14,0,10,0,0,1,C26 H14 18O1 16O10,O10
384,507.09652,507.09652,0,2682505,0,22.0,29,18,0,8,0,0,1,C29 H18 18O1 16O8,O8
385,547.0653,547.0653,0,3503697,0,38.0,41,10,0,2,0,0,1,C41 H10 18O1 16O2,O2
