,Exp. m/z,Abundance
0,119.05394,4532014
1,175.77077,2923298
2,197.08198000000002,1879214
3,199.00712,11428816
4,200.98637,3799063
10,209.08201,1884736
19,223.09761,2396323
24,227.52444,8366003
26,231.03335,2441082
40,241.10818999999998,1914068
46,248.97332000000003,5390592
47,249.00416,2327822
78,265.14637,2031912
79,265.14796,11107112
81,267.0494,1974975
83,267.08582,2016465
88,269.06507,2283150
90,269.10168999999996,2309791
104,277.07003,2033058
113,281.06503,2248475
115,281.1012,2328364
120,283.08052999999995,2920666
126,285.05984,2962563
128,285.09623,2492052
131,286.06501000000003,2349149
151,293.17922000000004,7235402
153,295.04384,2253981
155,295.08032000000003,3146414
157,295.11679,2088126
160,296.12207,2228358
161,297.02322000000004,2138909
163,297.05957,3582509
165,297.09587999999997,3029310
169,298.10137000000003,3896321
170,299.0198,2446747
173,299.07518,3793332
181,301.09075,2076977
188,303.08733,2817691
189,303.10859,1997988
191,305.02799,2183652
197,307.0802,2385747
200,309.02294,1976459
202,309.05937,1993882
204,309.09578999999997,2827946
207,309.1741,8114891
209,310.10137000000003,2765393
211,311.03854,2266073
213,311.07502,3321832
215,311.11136,2545655
218,311.16863,3932687
219,312.04413999999997,2658172
223,313.03536,3729686
224,313.0543,2844958
226,313.09055,3394861
230,314.09625,3091148
240,317.0666,6093704
254,323.03844,2532569
256,323.07473,2362599
260,324.04411,3346020
264,325.05393,3332079
266,325.09033,3656701
269,325.18419,4248610
271,326.0962,4717957
275,327.03314,2062064
278,327.06959,3278591
280,327.10596,2639629
283,328.03907999999996,1931381
288,329.04887,1939449
292,329.10638,2199568
295,330.0912,2647945
296,331.00964,2772199
303,333.06049,2300401
309,335.03835,2079961
314,336.04406,1990738
317,337.05373,2192842
319,337.09019,2697688
322,337.20538999999997,3603971
325,338.09618,2383181
327,339.03301,2588328
329,339.06937,3054774
331,339.10584,2807491
334,339.19992,3302630
335,340.03909,3068443
336,340.06716,2000934
341,341.0486,3558287
343,341.08505,2836892
348,342.09109,4499725
353,343.04929,2306155
354,343.0642,1985648
357,343.08558999999997,2771064
360,344.03414,2082769
366,345.06493,2091336
369,345.10132999999996,3288405
374,347.0806,2498081
376,347.11696,2201134
378,348.04419,2389883
381,349.08999,2153715
386,350.09614,2479195
388,351.03272999999996,2330537
390,351.06913,2589110
394,352.03906,2994960
398,353.04843999999997,2967671
400,353.08477999999997,3324036
404,353.20031,4962477
407,354.09106,3895784
410,355.02738,2146612
413,355.0641,2920257
415,355.10035,2556749
423,357.02853,2354677
426,357.06498,2543106
427,357.07953,2193927
432,358.08609,3978089
433,359.00458,3143851
436,359.04429,2124985
439,359.08062,3460294
442,359.11694,2114771
444,360.04419,2266136
449,361.09636,4059015
453,363.03271,2337835
455,363.06909,2825272
457,363.07565,2233402
459,363.11179,2502726
461,364.03907000000004,3582857
464,365.04823999999996,3400936
466,365.08448,2575092
471,366.08297999999996,2041423
472,366.09117000000003,3283538
475,367.02747,2514326
477,367.04589,2498461
478,367.06371,2640291
480,367.1002,2903984
484,368.06217000000004,1962237
487,368.14314,2502937
490,369.02845,2380363
491,369.04299,3169872
494,369.07928,3204701
496,369.11582000000004,2922089
503,371.02232999999995,2142460
506,371.04424,2538244
507,371.05882,2185481
510,371.08058,2087184
511,371.095,2194709
514,372.06526,3458660
517,373.02348,2831278
520,373.05987000000005,3432379
521,373.07757999999995,9447361
523,373.09629,2851271
527,375.03242,2049379
529,375.03925,2347109
532,375.0755,3818097
533,375.09327,2633848
535,375.11197000000004,3845758
537,376.03907999999996,2958269
540,377.04798999999997,2591001
543,377.09126000000003,3033384
545,377.12754,2016564
548,378.04663999999997,2617456
550,378.09115,3189376
553,379.02707999999996,3259330
555,379.06347,3294158
557,379.10008,2320859
562,380.06217999999996,2535718
565,380.14332,2536770
568,381.04306,3644024
570,381.06161000000003,2257534
571,381.0792,3407492
573,381.11572,2475153
576,381.2316,2405561
577,382.04156,2843599
579,382.0861,4836319
581,383.00793999999996,2027804
582,383.02221000000003,2525473
585,383.04419,2370345
586,383.05844,3480878
588,383.09474,3152186
590,383.13122999999996,2286919
593,383.46727000000004,1987514
595,384.06527,4464264
597,384.13822999999996,3004065
599,385.0236,3068883
600,385.03769,2850775
603,385.06004,2889695
604,385.07427,2713572
607,385.11037999999996,2641905
611,386.08101,4346175
612,386.11733,2303308
614,387.00287000000003,2671229
617,387.03907999999996,3171978
620,387.07545,3539606
623,387.11201,2039459
626,388.03904,2065891
629,389.01871,2633013
631,389.04757,2053439
633,389.05495,2939202
636,389.0912,3504463
637,389.10886,2394453
639,389.1275,2770779
641,390.0466,2341529
643,390.09111,2547368
646,391.02695,3329004
648,391.06298,2162169
650,391.07052000000004,2395131
652,391.10687,2868232
654,392.03413,3754313
655,392.06226000000004,2611539
659,393.04259,4373159
661,393.07899,3207860
663,393.11531,2589377
666,394.04151,3549186
668,394.07801,2663439
669,394.08608,4133906
671,395.02164,3319127
674,395.04422999999997,2047839
675,395.05816,4172132
677,395.09471,2868081
679,395.1311,3480957
683,396.05724,2535104
684,396.06538,6076099
685,396.09356,2647757
687,396.13812,3741404
690,397.02351,2273297
691,397.03749,3705878
694,397.0598,2146846
695,397.07367999999997,3437603
698,397.09619,2068522
699,397.11025,3815471
702,397.18669,2134090
703,397.22664,4087896
705,398.07301,2015616
707,398.11732,5198224
710,399.00281,2266821
711,399.01262,2069705
714,399.0393,3335890
715,399.05312000000004,3182295
718,399.0755,3174111
719,399.08932999999996,2477796
721,399.10842,2657002
722,399.11193,2548460
726,400.03906,2423857
727,400.06023999999996,4574264
729,400.13313999999997,2258002
731,401.01854,3130761
733,401.04773,1989523
735,401.05489,3502486
738,401.09125,3679650
741,401.12745,2696623
746,403.02695,2978893
749,403.06324,2835545
751,403.07045,2797660
754,403.10684,4159593
755,403.12464,2817135
757,404.03405,4294065
758,404.0624,3375547
760,404.09869,2076615
762,405.04242999999997,4414230
764,405.04999,3109656
766,405.08616,2616101
768,405.12248999999997,2998066
770,406.0134,2136174
771,406.0415,2937977
773,406.07793,2228357
778,407.02145,3702229
780,407.04075,2252252
781,407.05796000000004,5129698
783,407.09423,2872815
785,407.13063999999997,2262524
789,408.05721,3286855
790,408.06528,7550794
791,408.09355,2509652
793,408.13818,2905956
796,409.03721,4976806
799,409.07347999999996,4120754
801,409.09621,2214075
802,409.10994,2348223
805,409.18692000000004,2946267
807,410.07288,2981401
811,410.99924,2177894
812,411.0125,2666347
813,411.01648,2720620
816,411.03918999999996,3651444
817,411.05273,5307257
820,411.07543,4112257
821,411.08926,3446662
823,411.11197999999996,2067855
824,411.12548,2651027
828,412.05203,2108642
829,412.06022,6692069
830,412.08845,2168559
832,412.13300000000004,4304127
834,413.01847999999995,3398207
835,413.03219,3039300
838,413.05491,4316748
839,413.06842,3354193
842,413.09127,3471962
843,413.105,2721375
846,413.12759,2700903
850,414.04672,1982388
853,414.11228,4653004
856,414.99769,2573070
857,415.00734,2891026
859,415.02636,2307353
861,415.03413,4649244
862,415.04766,2381600
864,415.06278,2000166
866,415.07047,4417833
869,415.10691,4550966
872,415.14319,3770691
873,415.16085,3457354
874,416.02567,2225541
875,416.03415,2768520
876,416.05519,3723920
880,417.00563,2121708
882,417.01342,2567663
884,417.04214,3959801
886,417.04982,3531772
888,417.07858999999996,2694151
890,417.08608,3420169
893,417.1225,3958807
895,418.01324,2416990
896,418.04147,2769256
898,418.07802999999996,2846070
899,418.08603999999997,3779961
901,419.02152,3336914
903,419.05773,4448991
906,419.09414,2898668
908,419.10194,3262191
910,419.13807,2730749
913,420.05726,3997777
914,420.06530999999995,7811156
915,420.09365999999994,2306142
918,420.99689000000006,2481581
920,421.03695,5185980
922,421.07340999999997,4033994
924,421.10972000000004,2700759
926,421.11762999999996,2395610
927,421.14606,2019813
930,422.00840999999997,1977126
931,422.03659000000005,2055472
933,422.0729,3640126
935,422.10920999999996,2131276
938,423.00278,2823322
939,423.01289,2141853
940,423.01614000000006,2985118
943,423.03912,2108071
944,423.05253,6329516
947,423.0755,2548917
948,423.08882,3865786
950,423.12532999999996,2626759
954,424.05214000000007,2618915
955,424.06023,8740390
956,424.08870999999994,1976369
958,424.13305999999994,5336642
960,424.99181,1971077
962,425.01496,4595598
963,425.01845,4128655
964,425.02839000000006,2043795
965,425.03189000000003,4906900
968,425.05476,3504029
969,425.06822999999997,4627362
971,425.0876,2499497
972,425.09103,3468202
973,425.10447,3274671
975,425.12749,2114488
976,425.14090999999996,2675133
979,425.25789000000003,2572265
981,426.0678,2162972
983,426.1043,2012969
984,426.11228,5929261
986,426.9946,3043451
987,426.9978,3015292
989,427.02605,2612871
991,427.0341,4760202
992,427.04405,2249358
993,427.0474,4198031
996,427.07045999999997,4035224
997,427.08087,1980060
998,427.08387999999997,3264157
1001,427.10692,3394214
1002,427.1205,2711723
1004,427.13953,2026162
1005,427.14319000000006,3408564
1007,428.02582,2505732
1008,428.05514000000005,4797455
1012,429.01338,4773245
1013,429.02662999999995,2357634
1015,429.04179000000005,3107208
1017,429.04981,4789643
1018,429.06307000000004,2602384
1021,429.08617000000004,4349337
1022,429.09923,2136478
1025,429.12253,4978087
1028,429.15887000000004,2728373
1031,430.04173,3281672
1034,430.07777000000004,2731286
1036,430.10703,2110753
1038,431.02107,3128448
1040,431.02921,3192964
1042,431.05755999999997,3672207
1044,431.06549,3710098
1047,431.10179000000005,4976800
1050,431.13813,3665070
1053,432.05722000000003,4000272
1054,432.06532000000004,5624340
1055,432.09359000000006,2156063
1057,432.10537999999997,2101283
1058,432.99688,2243452
1060,433.03668,5190540
1062,433.06249,2804630
1063,433.07314,3209114
1065,433.08124000000004,3088285
1066,433.1093,2298792
1068,433.11747,3912619
1070,433.15393,3072953
1073,434.03660999999994,3724560
1075,434.07293,3969310
1077,434.11735999999996,2886960
1079,435.00257,2664073
1080,435.01590999999996,3714702
1082,435.03577,2013845
1083,435.0391,2193047
1084,435.05225,6375068
1086,435.0887,3321514
1088,435.09693,2496173
1089,435.12515999999994,2637496
1091,435.13322999999997,2454204
1094,436.05223,3475491
1095,436.06028,9422886
1096,436.08852,3313713
1102,437.01852,2320797
1103,437.03148,5421474
1106,437.05473,2024363
1107,437.06789000000003,6082993
1109,437.09092000000004,2588090
1110,437.10434000000004,3702207
1112,437.14063,2244045
1115,438.0313,2178859
1117,438.06768,3393337
1119,438.10434000000004,2149192
1120,438.11222000000004,6415179
1124,438.99764000000005,3241127
1125,439.01083,2581677
1128,439.0341,4095158
1130,439.04429000000005,2407610
1131,439.04722000000004,5700795
1134,439.07054000000005,4266180
1135,439.08365,3565769
1137,439.10329,2339537
1138,439.10693,2707666
1139,439.12009000000006,2763480
1141,439.15643,2022118
1145,440.04704000000004,2395718
1146,440.05515,7548489
1147,440.06202,2255436
1148,440.08347000000003,2125908
1150,440.12804000000006,4808294
1151,440.16443,2352756
1153,441.01327000000003,4298692
1154,441.02627,2998217
1157,441.04972000000004,3952594
1158,441.06260999999995,4026327
1161,441.08612999999997,3681249
1162,441.09934000000004,3005414
1165,441.12255,4929519
1169,442.0416,2220892
1172,442.08615999999995,2429293
1173,442.10717,3924342
1176,442.99262000000004,2307798
1178,443.02072999999996,2207457
1180,443.02913,4702948
1181,443.04183,2973417
1183,443.05699000000004,2631919
1185,443.06538,4472563
1186,443.07864000000006,1984248
1189,443.10177000000004,4786945
1191,443.13489000000004,4043534
1192,443.13814,4485904
1195,444.02072999999996,2188399
1197,444.05010999999996,3628155
1198,444.05713,2628733
1199,444.06532000000004,3853441
1202,444.12305999999995,2557080
1204,445.00809000000004,2732537
1206,445.03639000000004,4595204
1208,445.045,3366408
1210,445.07269,3252755
1212,445.08120999999994,3952150
1215,445.11745,4892197
1217,445.15379,3841587
1218,446.00822999999997,2258824
1219,446.03655999999995,3735444
1221,446.07316,2896802
1222,446.08102,3879846
1226,447.01563,3152156
1228,447.02409000000006,2641183
1229,447.0519,4995370
1232,447.07805,2532661
1233,447.08856,2315065
1235,447.0968,3431740
1236,447.11458,2091331
1237,447.12499,2249544
1239,447.13315,4815179
1242,448.05215999999996,5251772
1243,448.06021,9128639
1244,448.0884,2817738
1247,448.99974000000003,8014904
1248,449.01827000000003,3105343
1249,449.0312,6302789
1251,449.06762000000003,5981267
1253,449.10395,2964578
1255,449.11237,2347109
1256,449.14045999999996,2176113
1259,450.0315,2680279
1261,450.06777,4093414
1263,450.10434000000004,2233844
1264,450.11222000000004,5035512
1266,450.99771,3542876
1267,451.01049000000006,3465057
1270,451.03405999999995,2643819
1271,451.04694000000006,7047024
1273,451.0672,3620728
1274,451.07042,2213753
1275,451.08325999999994,4554623
1277,451.11964000000006,3468173
1282,452.04715,2882819
1283,452.05519000000004,10453254
1284,452.08339000000007,2922770
1287,452.16424000000006,2986291
1289,453.01332,4348554
1290,453.02619000000004,4471439
1293,453.04979000000003,3756696
1294,453.06242000000003,5298845
1297,453.08604,2994855
1298,453.09880999999996,3682988
1300,453.12246,2733750
1301,453.13496,3292859
1305,454.04166,1997353
1307,454.06257999999997,2577458
1309,454.09907999999996,2308160
1310,454.10733,5243972
1314,454.99247,2485162
1316,455.0206,2453941
1318,455.02902,5105081
1319,455.04165,4027838
1321,455.05697000000004,1977796
1323,455.0654,4380103
1324,455.07799000000006,3907020
1327,455.10166,5539286
1328,455.11452,2243035
1331,455.13813,2460133
1333,455.1746,2037235
1334,455.19237999999996,3018235
1336,456.05008,4398934
1337,456.05734,2629465
1338,456.06539000000004,2287964
1341,456.15944,2360194
1343,457.00827999999996,3898586
1345,457.03627,3686630
1347,457.04475999999994,4696297
1348,457.05719000000005,2614510
1350,457.07246,2570484
1352,457.08108,4146424
1353,457.09357,3022077
1356,457.1174,4538631
1359,457.15377,3049749
1361,458.00827999999996,2536048
1362,458.03644,3291771
1365,458.08104000000003,3089037
1366,458.10200999999995,2865814
1368,459.01545,3685385
1370,459.02415999999994,3870732
1372,459.05175,4110359
1374,459.06065,3498011
1376,459.08842999999996,2752550
1378,459.09674,3716138
1381,459.13313,4535353
1385,460.0521,4431278
1386,460.06021,7093681
1387,460.08862,2095548
1390,461.03103,5093179
1392,461.05735999999996,2758470
1393,461.06748,4616010
1395,461.07609,3459917
1396,461.10394,2656089
1398,461.11238,4302684
1400,461.14890999999994,3932011
1402,462.03146,2972882
1404,462.06777999999997,4640993
1406,462.10427000000004,2227951
1407,462.1122,3171570
1409,462.99772,2512986
1410,463.01035999999993,2977888
1412,463.03085,2265704
1413,463.03393,2767465
1414,463.04669,6599278
1416,463.08311,3313277
1418,463.09197,2886273
1419,463.11928,2296460
1421,463.12817,3470991
1425,464.04715,3412997
1426,464.05512999999996,10195976
1427,464.08364000000006,3075092
1429,464.11976,2229282
1431,464.16413,2309685
1432,464.99483,3936646
1434,465.01320999999996,2629006
1435,465.02589000000006,6049171
1438,465.04967,2646428
1439,465.06233,5801378
1441,465.08289,2696106
1442,465.09857999999997,3855792
1444,465.10765,2250164
1445,465.13517,2030015
1449,465.30435,10036740
1450,466.02647,2328362
1452,466.06295,3310392
1454,466.09925999999996,2048839
1455,466.10715,5594954
1458,466.30780999999996,3225500
1459,466.99269000000004,3322034
1462,467.02907999999996,3848385
1463,467.04135,6103238
1466,467.0652,3071184
1467,467.07773,3956949
1470,467.10184000000004,2194655
1471,467.11431,3087588
1473,467.13800999999995,1999597
1475,467.1923,5146884
1476,468.05009,7879264
1477,468.06544,2276966
1478,468.07811,2447979
1483,469.00833,4040677
1484,469.0184,2397161
1486,469.0363,2460657
1488,469.04461,4930548
1491,469.07274,2299903
1493,469.08114000000006,4624387
1494,469.09332,3374088
1497,469.11745,3936274
1498,469.12959000000006,2071574
1499,469.13320999999996,2935832
1501,469.15369000000004,2852896
1503,469.20819000000006,2052150
1505,470.03648,2935175
1508,470.08107,2123161
1509,470.10217,4687265
1512,470.99753,2073357
1516,471.02394000000004,5230360
1517,471.03630999999996,2625308
1519,471.05174000000005,3093283
1522,471.07275,2426667
1525,471.09673,3983157
1528,471.13307000000003,4114244
1531,471.16930999999994,2480466
1533,472.0451,2599094
1534,472.05217000000005,4407481
1535,472.06028,3176636
1540,473.00333,2737722
1542,473.03101,4018757
1544,473.03981,4805193
1546,473.06735999999995,3347028
1548,473.07615999999996,4067928
1551,473.11231,5120614
1553,473.13721,2022512
1555,473.14878,4242037
1556,473.28257,1999019
1558,474.03149,2737115
1560,474.06769,4071401
1562,474.10417,2123256
1563,474.11225,3475451
1564,474.97939,2092378
1565,475.00982,2791783
1569,475.05566,3822969
1570,475.08288,3253636
1572,475.09175,3120520
1573,475.10904000000005,2335631
1574,475.11882,2194323
1576,475.12804000000006,4504982
1578,475.16432000000003,2477477
1581,476.0471,4507402
1582,476.05512999999996,9414413
1583,476.0834,3382041
1588,477.01352,2432144
1591,477.04637,2208926
1594,477.09851,3372211
1596,477.10745999999995,2832566
1597,477.13468,2105537
1599,477.14383,2522309
1601,477.21327,2624737
1603,478.06271,3369528
1605,478.09914000000003,3053126
1606,478.10715,5440074
1608,478.18001,2127975
1609,478.99276,2279342
1610,479.00494000000003,2299827
1613,479.02895,3889085
1614,479.04117,5987266
1617,479.0777,5174225
1619,479.11392,2885599
1624,480.04179000000005,2412885
1625,480.05006,9661784
1626,480.07850999999994,3074403
1631,481.00834000000003,4089561
1632,481.01809000000003,2325725
1633,481.02034000000003,3821278
1636,481.04472999999996,4775656
1640,481.08092999999997,3021558
1644,481.11753,2188037
1647,481.20795999999996,2771753
1648,482.02935,4395123
1650,482.09394000000003,2224781
1651,482.10211,5054608
1656,483.02387000000004,4762113
1657,483.03368,2081285
1658,483.03578,3633670
1666,483.0967,3182110
1670,483.13293,3203629
1673,484.02405,2126737
1675,484.05232,2518940
1676,484.06,3717023
1680,484.15425999999997,2010565
1682,485.00333,3890456
1686,485.03982,4869415
1694,485.13012000000003,8338763
1696,485.14857,3053906
1698,485.27677,2801029
1699,485.28262,16692615
1700,486.03128,2732722
1703,486.06789000000003,3769024
1705,486.09705999999994,2926284
1706,486.13357,2675418
1707,486.28590999999994,4917015
1711,487.01912999999996,3646522
1715,487.05547,4796489
1718,487.09185,3731543
1720,487.12447000000003,8501348
1721,487.12795,3790950
1725,488.04702000000003,4187602
1726,488.05528,7016918
1727,488.08364000000006,2548193
1729,488.12791,2277874
1734,489.0349,3294041
1738,489.07133,3005288
1740,489.10748,3556214
1743,489.18012999999996,2171795
1745,490.02630999999997,2269409
1747,490.06268,3622127
1749,490.09927999999996,3074302
1750,490.10717,3383553
1752,491.01034000000004,16490085
1753,491.02899,2850412
1756,491.07714000000004,4275839
1758,491.08691,2678403
1760,491.12318,2880145
1762,491.15955,2158240
1763,491.1924,4109997
1764,492.01389000000006,2649071
1765,492.04197,2709499
1766,492.05006,8290302
1767,492.07833,3267593
1770,492.15910999999994,2843688
1780,493.07795999999996,2029969
1781,493.08127,2068882
1788,493.57372000000004,2060371
1789,494.02925999999997,6245125
1790,494.05753,2575120
1793,494.09423,2507550
1794,494.10225,5708577
1797,494.98745,2062458
1799,495.02055,6857863
1806,495.07173,3805339
1809,495.09653,2574501
1810,495.10824,2503849
1814,495.18724000000003,6212808
1815,496.04501,6051350
1816,496.0732,2109984
1819,496.15414000000004,3226176
1820,496.1908,2062926
1822,497.00336,3309449
1829,497.07614,3158949
1830,497.08739,3343274
1832,497.10908,3975090
1833,497.11237,3448755
1834,497.12382,2233272
1837,497.14879,3505089
1845,499.00933,2396815
1847,499.01889000000006,4203155
1849,499.04568,3435165
1853,499.08219,2651819
1855,499.09169,4079279
1858,499.12807999999995,3529405
1860,499.16069000000005,2427593
1861,499.16433,3141323
1864,500.04706,3354654
1865,500.05518,4871201
1866,500.07614,3026985
1867,500.08347000000003,2222636
1871,501.02497999999997,3431828
1873,501.03500999999994,3568024
1877,501.0714,3144102
1880,501.10752,3405235
1883,501.14378,3037633
1885,502.02640999999994,2188050
1887,502.06282999999996,4359968
1889,502.09935,2247469
1890,502.10715999999996,3883824
1891,503.00426,2649221
1893,503.04042999999996,5613715
1895,503.05059000000006,3399831
1897,503.07689000000005,2530465
1900,503.12305999999995,2523314
1902,503.1596,2561216
1904,503.1956,2249934
1907,504.04195999999996,3441166
1908,504.05014000000006,8139281
1909,504.07858,3534364
1913,505.00843,2183034
1914,505.01957999999996,3798910
1915,505.026,26661760
1916,505.0299,2390914
1917,505.04422999999997,2536328
1918,505.05602000000005,5809036
1922,505.10260999999997,2788254
1926,506.02935999999994,5283066
1927,506.05744000000004,2792196
1929,506.094,2677010
1930,506.10215999999997,5088533
1932,506.17532,2857264
1933,506.99762000000004,2424420
1936,507.02380999999997,2925678
1937,507.03517999999997,4777586
1940,507.0601,2735739
1943,507.09304000000003,2351751
1947,507.11852999999996,2057873
1951,508.07322,2916340
1954,508.15413,2836498
1957,509.0031,2730317
1958,509.01302999999996,2297681
1961,509.03974000000005,3531099
1962,509.05069000000003,4055391
1965,509.07603,2657128
1966,509.08714000000003,2959724
1972,510.02442,2662086
1974,510.05310999999995,2105041
1977,510.08901,2426590
1978,510.09707000000003,4496097
1981,511.00897000000003,2189872
1983,511.01905,4248628
1984,511.02892,2220343
1987,511.05543,3095617
1988,511.06620999999996,3235909
1990,511.08182,2439243
1992,511.09175999999997,2670158
1993,511.1093,13282389
1995,511.12798,2732124
1999,512.04005,2910633
2000,512.04749,2656684
2001,512.05531,3397039
2002,512.0763,3960246
2003,512.08355,2392505
2004,512.11263,3076548
2005,512.14953,2239953
2008,513.02452,2121487
2010,513.03479,3225363
2011,513.04582,2318103
2013,513.06092,2777885
2015,513.07116,3673888
2018,513.1073299999999,3668781
2021,513.14364,3664699
2025,514.02637,2392698
2028,514.06258,3839111
2031,514.10707,2286231
2032,515.00391,2418139
2034,515.01411,2870750
2036,515.03998,4154856
2039,515.0767599999999,2790901
2041,515.08683,3350008
2044,515.12297,2533893
2046,515.15581,5116433
2047,515.15937,2563602
2050,516.04211,2981711
2051,516.05012,6789970
2052,516.07103,2214233
2053,516.07842,3586908
2055,516.1152400000001,2157417
2058,517.0192900000001,2915499
2060,517.0300599999999,2210991
2061,517.05577,4226232
2064,517.09162,2159813
2066,517.1288599999999,2431186
2067,517.1320900000001,2411731
2069,517.13871,2648278
2072,518.03179,2032146
2073,518.0576599999999,3495451
2075,518.09424,2506280
2078,518.99779,2345831
2080,519.02068,2141039
2081,519.0241900000001,2053488
2082,519.035,4077428
2084,519.07147,3630977
2086,519.09499,2333577
2087,519.10758,2162573
2091,519.19054,2052523
2092,520.03701,2077907
2093,520.0450099999999,7262422
2094,520.07334,3815648
2098,521.01372,2446376
2101,521.0395,2638897
2102,521.05037,5052981
2105,521.07604,3012157
2106,521.08701,2898497
2108,521.12328,2170446
2112,522.02437,2857862
2113,522.05283,2605968
2115,522.0892200000001,2042268
2119,522.99995,3246294
2120,523.01551,5407963
2121,523.01895,2813148
2122,523.02977,3027168
2124,523.04531,2046181
2126,523.05545,3200233
2127,523.06621,3682541
2130,523.09181,2576629
2131,523.10234,2204921
2134,523.18222,6178069
2143,525.03472,3184524
2144,525.04503,2206607
2146,525.06073,2164629
2148,525.08169,2538396
2150,525.10395,5392291
2151,525.10738,2447268
2153,525.14341,2542001
2158,526.0626,2575591
2160,526.08421,2011374
2163,527.0140700000001,3105318
2165,527.03989,3632687
2167,527.0502700000001,3445298
2168,527.0609900000001,2605622
2170,527.0763599999999,2504251
2172,527.0866599999999,2339390
2175,527.12307,2227787
2178,527.15936,2408023
2179,527.17706,3642973
2181,528.04223,2902909
2182,528.05022,5012351
2183,528.08275,2368394
2186,529.0190200000001,3579072
2189,529.05542,3615948
2192,529.09204,2208984
2194,529.1024,3000539
2199,529.17514,2418931
2201,530.0576900000001,3674645
2203,530.09433,2185761
2204,530.10215,3540515
2207,531.0346599999999,3062611
2209,531.0455400000001,2874199
2210,531.06287,2926428
2211,531.0708900000001,3581791
2213,531.0991700000001,2039656
2215,531.1180400000001,2944878
2217,531.15431,2267002
2219,532.0374099999999,2024855
2220,532.04502,6441114
2221,532.0735,3271843
2225,533.03588,3089880
2226,533.05018,3830236
2228,533.07241,2201059
2229,533.08663,2626024
2234,534.02444,3523347
2235,534.05263,2663196
2237,534.08912,3604263
2238,534.09729,4365098
2242,535.0189,2297933
2243,535.02956,3100752
2246,535.05579,2071640
2247,535.06588,3578971
2253,535.21841,2753675
2254,536.04005,4713869
2255,536.06854,2229653
2258,536.14913,2429359
2259,536.99838,2079670
2260,537.00827,2202297
2263,537.03441,3250881
2264,537.0452700000001,2646213
2266,537.06751,5746380
2267,537.0709400000001,3107533
2268,537.08155,3350224
2271,537.1075599999999,2362072
2272,537.1177,2598619
2278,538.07051,2373632
2279,538.0841,2040836
2280,538.09201,5283847
2281,538.12853,3255314
2283,539.01404,2413856
2284,539.0241900000001,2022691
2286,539.03372,2222374
2288,539.0502700000001,3094827
2289,539.06056,2816302
2292,539.08677,2019638
2293,539.09675,2068793
2298,539.21361,2146653
2299,540.04201,2183255
2300,540.05012,3672665
2301,540.07114,3051104
2302,540.07866,2139234
2306,541.01835,2067323
2308,541.02982,3449727
2311,541.0664,2947978
2319,542.0577,2819248
2325,543.0343799999999,2664911
2328,543.0709400000001,3103194
2334,543.1542599999999,2215410
2338,544.03722,2958067
2339,544.04518,4572917
2340,544.07347,2694909
2343,545.0135,2403340
2345,545.03989,2232339
2346,545.05005,3346454
2349,545.0785,3287070
2350,545.08659,2566177
2352,545.13027,7276589
2353,545.16655,4409400
2354,545.20297,2821186
2355,546.0243,3234092
2357,546.08928,2653502
2358,546.09717,3256641
2360,547.02934,2745927
2364,547.1014700000001,2158172
2367,547.1823400000001,4309618
2370,548.06831,2133353
2371,548.07645,5262188
2373,548.99847,2221674
2375,549.0312299999999,3605619
2376,549.03478,2471028
2377,549.0450400000001,2739318
2380,549.08106,2749568
2385,550.01922,2070400
2387,550.08402,2263954
2390,551.01049,3915403
2391,551.0139,3148428
2394,551.05026,3150486
2397,551.09638,2161314
2404,552.07137,4151206
2409,553.02972,3157154
2412,553.0759099999999,2023598
2414,553.0989099999999,4647092
2418,553.2295799999999,2250966
2420,554.05784,2324909
2423,554.12373,2058686
2427,555.04568,2956971
2429,555.0704900000001,2145969
2431,555.08202,2390708
2438,556.06611,2125742
2439,556.07348,2677680
2442,556.13922,2228160
2443,557.0139,2276507
2448,557.08615,2162861
2449,557.0938,10548399
2454,558.02456,3013014
2456,558.09732,3526056
2458,559.00013,5377669
2459,559.02893,2463372
2461,559.06511,2375317
2463,559.0944900000001,2512540
2467,560.0400900000001,4398977
2471,561.0443,3161201
2473,561.0672599999999,2243190
2474,561.0807599999999,2356345
2479,562.01935,2173783
2482,563.01368,2299456
2485,563.05038,2289224
2488,563.08659,2698832
2489,563.09673,2050643
2495,564.06339,2128690
2496,564.07125,5421876
2500,565.02984,2306063
2503,565.06606,2101271
2504,565.07545,2501657
2513,566.0872099999999,3617021
2514,566.1234099999999,2996485
2518,567.04539,2657747
2525,567.20824,2771447
2526,568.04538,2267823
2527,568.06377,2114228
2528,568.06625,2506420
2531,569.02475,2664325
2537,569.12999,3240860
2539,569.1878,3261353
2540,570.02437,2075741
2545,571.04043,2994486
2547,571.0650099999999,2195771
2551,571.13078,2425161
2552,571.14539,4028748
2553,571.18573,2053460
2554,572.0400099999999,4131337
2562,573.19794,2470650
2563,574.0191599999999,2523044
2566,574.99525,2599531
2567,575.01396,2064495
2572,575.17733,2995344
2577,576.14438,2296148
2580,577.02967,2387461
2583,577.07543,2273806
2589,578.0871,4185814
2594,579.0455900000001,2588562
2601,580.0661299999999,3811416
2607,581.09353,3641630
2611,582.08206,3267034
2612,582.118,2485216
2625,585.0376200000001,2173954
2627,585.0562,2247685
2630,585.11022,2316303
2632,585.14597,3018773
2634,586.08394,2737345
2643,588.07141,4124201
2644,588.09888,2284078
2654,591.0419999999999,3593271
2662,592.0661200000001,4935914
2664,593.02112,4222351
2684,596.04026,2397073
2685,596.06129,2750357
2689,597.0737,5092415
2697,598.07663,2145510
2706,600.07123,3034671
2707,600.09932,2302004
2708,600.10837,2424373
2711,601.06848,2293459
2713,601.10532,2514649
2717,602.08707,3806072
2722,603.1718099999999,3338280
2724,604.05739,2162359
2725,604.0663099999999,3913912
2729,605.021,2727249
2740,606.11817,2022912
2743,607.0475799999999,2181780
2745,607.0731900000001,3912344
2746,607.07759,2100888
2750,607.2035400000001,2717356
2752,608.06102,2735924
2755,609.0375,3321806
2757,609.07349,7048147
2760,609.12523,2638811
2771,611.16152,2305306
2772,612.0712900000001,2835880
2777,613.10501,3250761
2778,613.12013,3853899
2780,614.0140200000001,2223830
2782,614.07835,2158304
2783,614.0871400000001,2576097
2789,616.0300599999999,2694158
2790,616.06605,3992595
2800,618.11827,2487632
2808,619.2036400000001,2557431
2811,620.13441,2193030
2815,621.07038,2321174
2820,621.18289,2504487
2822,622.077,2707376
2823,622.11328,2112438
2844,627.13582,2844347
2846,628.06629,3001163
2847,628.0943,2062159
2856,630.08209,2926724
2867,633.1826599999999,2622056
2869,635.01713,2200456
2872,635.0683700000001,2822033
2874,635.10829,2125207
2876,635.16163,3490719
2878,637.0112,2692293
2880,637.06384,2156749
2892,639.12083,2661911
2896,641.09971,2081623
2897,641.11506,4007769
2899,642.0821599999999,2307063
2900,643.02147,3768465
2904,643.1674,2586793
2905,644.06125,3497276
2906,644.1347,2087241
2911,645.85593,2055783
2915,647.06778,2073395
2924,649.17783,2577562
2926,651.02665,2818521
2928,651.06281,4460000
2935,653.00613,2281268
2937,653.06344,2213695
2939,653.0998599999999,2748229
2944,655.07915,2810022
2945,655.0943900000001,3647657
2950,657.11014,4180503
2952,658.07713,2422472
2963,662.1080599999999,2171327
2969,665.04216,2594810
2973,665.5299,2419803
2974,667.02137,2758022
2975,667.0579,4577677
2980,668.0614400000001,2097752
2982,669.07367,5126952
2985,670.0676,2096118
2986,670.79783,2314383
2990,671.1257400000001,3560660
2992,673.03181,3055209
2997,674.07267,3421003
3000,675.12011,4382768
3004,677.06332,3918305
3007,677.13592,2699249
3008,679.02135,2842526
3015,681.07367,4072828
3018,681.13049,2146697
3019,683.01638,2933578
3021,683.0889099999999,3897179
3025,687.04777,3348262
3026,687.08433,4635439
3028,689.0635900000001,3495202
3030,689.13637,2511156
3033,691.1515,2315066
3034,693.0372,2125095
3038,695.05265,2332478
3040,697.03176,2626900
3044,699.08416,3825543
