100.9997854201,0.9432611829920742,5,2,1,0,0,1,0,100,1
101.0233214201,0.9488392004353688,4,5,3,0,0,0,0,300,3
101.0597064201,0.939962788964049,5,9,2,0,0,0,0,200,2
101.09609142010001,0.9311694165161717,6,13,1,0,0,0,0,100,1
103.0154354201,0.9429593635610027,5,4,1,0,0,1,0,100,1
103.01784142010001,0.9223267200661124,7,3,1,0,0,0,0,100,1
103.03897142010001,0.9485355961815131,4,7,3,0,0,0,0,300,3
103.0753564201,0.9396620249346279,5,11,2,0,0,0,0,200,2
103.1117414201,0.9308714661408235,6,15,1,0,0,0,0,100,1
104.9947004201,0.951559500643685,4,2,2,0,0,1,0,200,2
105.0310854201,0.9426576407044229,5,6,1,0,0,1,0,100,1
105.0334914201,0.9220315991272552,7,5,1,0,0,0,0,100,1
105.0546214201,0.9482320890732461,4,9,3,0,0,0,0,300,3
105.0910064201,0.9393613571419965,5,13,2,0,0,0,0,200,2
105.12739142010001,0.9305736111019679,6,17,1,0,0,0,0,100,1
107.0103504201,0.9512550259634021,4,4,2,0,0,1,0,200,2
107.0127564201,0.9304408672818376,6,3,2,0,0,0,0,200,2
107.0467354201,0.942356014391433,5,8,1,0,0,1,0,100,1
107.04914142010001,0.9217365726195433,7,7,1,0,0,0,0,100,1
107.0702714201,0.9479286790794841,4,11,3,0,0,0,0,300,3
107.1066564201,0.9390607855553617,5,15,2,0,0,0,0,200,2
108.9896154201,0.9599308225459622,3,2,3,0,0,1,0,300,3
109.0260004201,0.9509506487072225,4,6,2,0,0,1,0,200,2
109.0284064201,0.9301431500235937,6,5,2,0,0,0,0,200,2
109.0623854201,0.9420544845911415,5,10,1,0,0,1,0,100,1
109.06479142010001,0.9214416405127612,7,9,1,0,0,0,0,100,1
111.0052654201,0.9596236692569764,3,4,3,0,0,1,0,300,3
111.0076714201,0.9386263985132335,5,3,3,0,0,0,0,300,3
111.0416504201,0.9506463688439726,4,8,2,0,0,1,0,200,2
111.0440564201,0.9298455280272506,6,7,2,0,0,0,0,200,2
111.07803542010001,0.9417530512726672,5,12,1,0,0,1,0,100,1
111.0804414201,0.921146802776703,7,11,1,0,0,0,0,100,1
112.9869364201,0.9471870173570336,4,1,4,0,0,0,0,400,4
112.9997854201,0.9328098490845219,6,2,1,0,0,1,0,100,1
113.02091542010001,0.95931661424918,3,6,3,0,0,1,0,300,3
113.0233214201,0.938326062094545,5,5,3,0,0,0,0,300,3
113.05730042009999,0.9503421863424895,4,10,2,0,0,1,0,200,2
113.0597064201,0.9295480012623274,6,9,2,0,0,0,0,200,2
113.0936854201,0.9414517144051379,5,14,1,0,0,1,0,100,1
113.09609142010001,0.9208520593811725,7,13,1,0,0,0,0,100,1
115.0025864201,0.9468839417594668,4,3,4,0,0,0,0,400,4
115.0154354201,0.9325113738127468,6,4,1,0,0,1,0,100,1
115.01784142010001,0.9121073400077798,8,3,1,0,0,0,0,100,1
115.0365654201,0.9590096574911255,3,8,3,0,0,1,0,300,3
115.03897142010001,0.9380258217758218,5,7,3,0,0,0,0,300,3
115.0729504201,0.9500381011716198,4,12,2,0,0,1,0,200,2
115.0753564201,0.9292505696983522,6,11,2,0,0,0,0,200,2
115.1117414201,0.9205574102959831,7,15,1,0,0,0,0,100,1
116.9947004201,0.9410162213765529,5,2,2,0,0,1,0,200,2
117.01823642010001,0.9465809631383326,4,5,4,0,0,0,0,400,4
117.0310854201,0.9322129940454179,6,6,1,0,0,1,0,100,1
117.0334914201,0.9118154890089252,8,5,1,0,0,0,0,100,1
117.0546214201,0.9377256775263145,5,9,3,0,0,0,0,300,3
117.0910064201,0.9289532333048632,6,13,2,0,0,0,0,200,2
117.12739142010001,0.9202628554909581,7,17,1,0,0,0,0,100,1
119.0103504201,0.9407151202757276,5,4,2,0,0,1,0,200,2
119.0127564201,0.920131582472355,7,3,2,0,0,0,0,200,2
119.0338864201,0.946278081462601,4,7,4,0,0,0,0,400,4
119.0467354201,0.931914709751976,6,8,1,0,0,1,0,100,1
119.04914142010001,0.9115237313949188,8,7,1,0,0,0,0,100,1
119.0702714201,0.9374256293152834,5,11,3,0,0,0,0,300,3
119.1066564201,0.9286559920514083,6,15,2,0,0,0,0,200,2
119.1430414201,0.91996839493593,7,19,1,0,0,0,0,100,1
120.9896154201,0.949294789032153,4,2,3,0,0,1,0,300,3
121.02600042009999,0.9404141155195463,5,6,2,0,0,1,0,200,2
121.0284064201,0.9198371639213323,7,5,2,0,0,0,0,200,2
121.0495364201,0.9459752967012517,4,9,4,0,0,0,0,400,4
121.0623854201,0.9316165209018717,6,10,1,0,0,1,0,100,1
121.06479142010001,0.9112320671358799,8,9,1,0,0,0,0,100,1
121.08592142010001,0.9371256771119986,5,13,3,0,0,0,0,300,3
121.1223064201,0.9283588459075452,6,17,2,0,0,0,0,200,2
121.1586914201,0.9196740286007413,7,21,1,0,0,0,0,100,1
123.0052654201,0.9489910390016091,4,4,3,0,0,1,0,300,3
123.00767142010001,0.9282264180177069,6,3,3,0,0,0,0,300,3
123.0416504201,0.9401132070771814,5,8,2,0,0,1,0,200,2
123.0440564201,0.9195428395767088,7,7,2,0,0,0,0,200,2
123.0651864201,0.9456726088232749,4,11,4,0,0,0,0,400,4
123.07803542010001,0.9313184274645661,6,12,1,0,0,1,0,100,1
123.0804414201,0.9109404962019372,8,11,1,0,0,0,0,100,1
123.1015714201,0.9368258208857398,5,15,3,0,0,0,0,300,3
124.9997854201,0.9224743159566654,7,2,1,0,0,1,0,100,1
125.02091542010001,0.9486873861632992,4,6,3,0,0,1,0,300,3
125.0233214201,0.9279294093265374,6,5,3,0,0,0,0,300,3
125.05730042009999,0.9398123949178147,5,10,2,0,0,1,0,200,2
125.0597064201,0.9192486094083409,7,9,2,0,0,0,0,200,2
125.0936854201,0.931020429409529,6,14,1,0,0,1,0,100,1
125.09609142010001,0.9106490185632292,8,13,1,0,0,0,0,100,1
127.0025864201,0.9363924676847719,5,3,4,0,0,0,0,400,4
127.0154354201,0.9221791477909017,7,4,1,0,0,1,0,100,1
127.01784142010001,0.9020011906804936,9,3,1,0,0,0,0,100,1
127.0365654201,0.948383830486124,4,8,3,0,0,1,0,300,3
127.03897142010001,0.9276324956705457,6,7,3,0,0,0,0,300,3
127.0729504201,0.9395116790106383,5,12,2,0,0,1,0,200,2
127.0753564201,0.9189544733860945,7,11,2,0,0,0,0,200,2
127.10933542010001,0.9307225267062408,6,16,1,0,0,1,0,100,1
127.1117414201,0.9103576341899037,8,15,1,0,0,0,0,100,1
128.9947004201,0.9305897616437008,6,2,2,0,0,1,0,200,2
129.0182364201,0.93609284606676,5,5,4,0,0,0,0,400,4
129.0310854201,0.9218840740713948,7,6,1,0,0,1,0,100,1
129.0334914201,0.9017125733907063,9,5,1,0,0,0,0,100,1
129.0522154201,0.9480803719389943,4,10,3,0,0,1,0,300,3
129.0546214201,0.927335677019323,6,9,3,0,0,0,0,300,3
129.0886004201,0.9392110593248536,5,14,2,0,0,1,0,200,2
129.0910064201,0.9186604314798453,7,13,2,0,0,0,0,200,2
129.12498542010002,0.9304247193241915,6,18,1,0,0,1,0,100,1
129.1273914201,0.9100663430521183,8,17,1,0,0,0,0,100,1
131.0103504201,0.9302919967430726,6,4,2,0,0,1,0,200,2
131.0127564201,0.9099365245385612,8,3,2,0,0,0,0,200,2
131.0338864201,0.9357933203199953,5,7,4,0,0,0,0,400,4
131.04673542010002,0.9215890947679242,7,8,1,0,0,1,0,100,1
131.0491414201,0.901424048451063,9,7,1,0,0,0,0,100,1
131.0678654201,0.9477770104908313,4,12,3,0,0,1,0,300,3
131.0702714201,0.92703895334247,6,11,3,0,0,0,0,300,3
131.1066564201,0.9183664836594787,7,15,2,0,0,0,0,200,2
131.1430414201,0.9097751451200399,8,19,1,0,0,0,0,100,1
132.9896154201,0.9387766027696768,5,2,3,0,0,1,0,300,3
133.0260004201,0.9299943271195898,6,6,2,0,0,1,0,200,2
133.0284064201,0.909645368145084,8,5,2,0,0,0,0,200,2
133.0495364201,0.9354938904138018,5,9,4,0,0,0,0,400,4
133.06238542010001,0.9212942098502791,7,10,1,0,0,1,0,100,1
133.0647914201,0.9011356158320142,9,9,1,0,0,0,0,100,1
133.08592142010002,0.9267423246095976,6,13,3,0,0,0,0,300,3
133.12230642010002,0.9180726298948896,7,17,2,0,0,0,0,200,2
133.15869142009998,0.9094840403638451,8,21,1,0,0,0,0,100,1
135.00526542010002,0.9384762182894714,5,4,3,0,0,1,0,300,3
135.0076714201,0.9179416693060708,7,3,3,0,0,0,0,300,3
135.0416504201,0.9296967527427663,6,8,2,0,0,1,0,200,2
135.04405642010002,0.9093543049141989,8,7,2,0,0,0,0,200,2
135.0651864201,0.935194556317513,5,11,4,0,0,0,0,400,4
135.0780354201,0.9209994192882587,7,12,1,0,0,1,0,100,1
135.0804414201,0.9008472755040198,9,11,1,0,0,0,0,100,1
135.10157142010002,0.9264457907903259,6,15,3,0,0,0,0,300,3
135.1379564201,0.9177788701559825,7,19,2,0,0,0,0,200,2
135.1743414201,0.9091930287537201,8,23,1,0,0,0,0,100,1
136.98453042010001,0.9470354674342564,4,2,4,0,0,1,0,400,4
136.9997854201,0.9122533005358657,8,2,1,0,0,1,0,100,1
137.0209154201,0.9381759299246099,5,6,3,0,0,1,0,300,3
137.0233214201,0.9176479514711995,7,5,3,0,0,0,0,300,3
137.0573004201,0.9293992735821253,6,10,2,0,0,1,0,200,2
137.0597064201,0.9090633348160965,8,9,2,0,0,0,0,200,2
137.0808364201,0.9348953180004719,5,13,4,0,0,0,0,400,4
137.0936854201,0.9207047230516715,7,14,1,0,0,1,0,100,1
137.0960914201,0.9005590274375486,9,13,1,0,0,0,0,100,1
137.1172214201,0.9261493518542852,6,17,3,0,0,0,0,300,3
137.1536064201,0.9174852044126716,7,21,2,0,0,0,0,200,2
139.0001804201,0.9467324403287851,4,4,4,0,0,1,0,400,4
139.00258642010002,0.9260172391428246,6,3,4,0,0,0,0,400,4
139.0154354201,0.9119614028333786,8,4,1,0,0,1,0,100,1
139.0178414201,0.8920070174877538,10,3,1,0,0,0,0,100,1
139.0365654201,0.9378757376443376,5,8,3,0,0,1,0,300,3
139.0389714201,0.9173543276185162,7,7,3,0,0,0,0,300,3
139.0729504201,0.9291018896072004,6,12,2,0,0,1,0,200,2
139.0753564201,0.9087724578209766,8,11,2,0,0,0,0,200,2
139.0964864201,0.9345961754320318,5,15,4,0,0,0,0,400,4
139.10933542010002,0.9204101211103358,7,16,1,0,0,1,0,100,1
139.1117414201,0.9002708716030795,9,15,1,0,0,0,0,100,1
140.9947004201,0.9202788270846886,7,2,2,0,0,1,0,200,2
141.0158304201,0.9464295101842305,4,6,4,0,0,1,0,400,4
141.0182364201,0.9257209373323403,6,5,4,0,0,0,0,400,4
141.0310854201,0.9116695985306837,8,6,1,0,0,1,0,100,1
141.0334914201,0.8917215980775374,10,5,1,0,0,0,0,100,1
141.0522154201,0.9375756414179102,5,10,3,0,0,1,0,300,3
141.0546214201,0.9170607977179489,7,9,3,0,0,0,0,300,3
141.0886004201,0.9288046007875344,6,14,2,0,0,1,0,200,2
141.0910064201,0.9084816738990488,8,13,2,0,0,0,0,200,2
141.12498542010002,0.9201156134340795,7,18,1,0,0,1,0,100,1
141.1273914201,0.8999828079711009,9,17,1,0,0,0,0,100,1
142.9975014201,0.9341638536116821,5,3,5,0,0,0,0,500,5
143.0103504201,0.9199843614191594,7,4,2,0,0,1,0,200,2
143.0127564201,0.899854427846674,9,3,2,0,0,0,0,200,2
143.0314804201,0.9461266769695669,4,8,4,0,0,1,0,400,4
143.0338864201,0.9254247303308498,6,7,4,0,0,0,0,400,4
143.04673542010002,0.9113778875978955,8,8,1,0,0,1,0,100,1
143.0491414201,0.8914362699942253,10,7,1,0,0,0,0,100,1
143.06786542010002,0.9372756412145928,5,12,3,0,0,1,0,300,3
143.0702714201,0.9167673617394355,7,11,3,0,0,0,0,300,3
143.10425042010002,0.92850740709268,6,16,2,0,0,1,0,200,2
143.1066564201,0.9081909830205317,8,15,2,0,0,0,0,200,2
143.1406354201,0.9198211999927403,7,20,1,0,0,1,0,100,1
143.1430414201,0.8996948365121098,9,19,1,0,0,0,0,100,1
144.9896154201,0.9283749580109887,6,2,3,0,0,1,0,300,3
145.0131514201,0.933864945093121,5,5,5,0,0,0,0,500,5
145.0260004201,0.9196899899751049,7,6,2,0,0,1,0,200,2
145.0284064201,0.8995664974660365,9,5,2,0,0,0,0,200,2
145.0471304201,0.9458239406537794,4,10,4,0,0,1,0,400,4
145.0495364201,0.9251286181080169,6,9,4,0,0,0,0,400,4
145.06238542010001,0.911086270005138,8,10,1,0,0,1,0,100,1
145.0647914201,0.8911510332085957,10,9,1,0,0,0,0,100,1
145.0835154201,0.9369757370036604,5,14,3,0,0,1,0,300,3
145.08592142010002,0.9164740196529233,7,13,3,0,0,0,0,300,3
145.1199004201,0.9282103084921999,6,18,2,0,0,1,0,200,2
145.12230642010002,0.9079003851556543,8,17,2,0,0,0,0,200,2
145.15869142009998,0.8994069571966137,9,21,1,0,0,0,0,100,1
147.00526542010002,0.9280779017908241,6,4,3,0,0,1,0,300,3
147.0076714201,0.9077708756101595,8,3,3,0,0,0,0,300,3
147.02880142010002,0.9335661322176336,5,7,5,0,0,0,0,500,5
147.0416504201,0.9193957127223765,7,8,2,0,0,1,0,200,2
147.04405642010002,0.8992786592157496,9,7,2,0,0,0,0,200,2
147.0627804201,0.9455213012058631,4,12,4,0,0,1,0,400,4
147.0651864201,0.9248326006335149,6,11,4,0,0,0,0,400,4
147.0780354201,0.9107947457225448,8,12,1,0,0,1,0,100,1
147.0804414201,0.8908658876914353,10,11,1,0,0,0,0,100,1
147.10157142010002,0.9161807714283691,7,15,3,0,0,0,0,300,3
147.1379564201,0.9076098802746542,8,19,2,0,0,0,0,200,2
147.1743414201,0.8991191699951289,9,23,1,0,0,0,0,100,1
148.98453042010001,0.9365423144550848,5,2,4,0,0,1,0,400,4
148.9997854201,0.9021455339659282,9,2,1,0,0,1,0,100,1
149.0209154201,0.9277809406210452,6,6,3,0,0,1,0,300,3
149.0233214201,0.9074804121688986,8,5,3,0,0,0,0,300,3
149.04445142010002,0.933267414954617,5,9,5,0,0,0,0,500,5
149.0573004201,0.9191015296308355,7,10,2,0,0,1,0,200,2
149.0597064201,0.898990913066334,9,9,2,0,0,0,0,200,2
149.0808364201,0.9245366778770266,6,13,4,0,0,0,0,400,4
149.0936854201,0.9105033147202589,8,14,1,0,0,1,0,100,1
149.09609142009998,0.8905808334135407,10,13,1,0,0,0,0,100,1
149.1172214201,0.9158876170357397,7,17,3,0,0,0,0,300,3
149.1536064201,0.9073194683477791,8,21,2,0,0,0,0,200,2
149.1899914201,0.898831474878181,9,25,1,0,0,0,0,100,1
151.0001804201,0.9362426448899424,5,4,4,0,0,1,0,400,4
151.00258642010002,0.9157569681331222,7,3,4,0,0,0,0,400,4
151.0154354201,0.9018568704899846,9,4,1,0,0,1,0,100,1
151.01784142009998,0.8821235797339894,11,3,1,0,0,0,0,100,1
151.0365654201,0.9274840744712385,6,8,3,0,0,1,0,300,3
151.0389714201,0.907190041668503,8,7,3,0,0,0,0,300,3
151.0601014201,0.9329687932734773,5,11,5,0,0,0,0,500,5
151.0729504201,0.9188074406703527,7,12,2,0,0,1,0,200,2
151.0753564201,0.8987032589883202,9,11,2,0,0,0,0,200,2
151.0964864201,0.9242408498082448,6,15,4,0,0,0,0,400,4
151.1093354201,0.9102119769684333,8,16,1,0,0,1,0,100,1
151.1117414201,0.8902958703457174,10,15,1,0,0,0,0,100,1
151.1328714201,0.9155945564450112,7,19,3,0,0,0,0,300,3
151.1692564201,0.9070291493452862,8,23,2,0,0,0,0,200,2
151.2056414201,0.8985438718163057,9,27,1,0,0,0,0,100,1
152.9947004201,0.9100821376805903,8,2,2,0,0,1,0,200,2
153.0158304201,0.9359430712113892,5,6,4,0,0,1,0,400,4
153.0182364201,0.915463949346698,7,5,4,0,0,0,0,400,4
153.0310854201,0.9015682993789638,9,6,1,0,0,1,0,100,1
153.0334914201,0.8818413227708382,11,5,1,0,0,0,0,100,1
153.0522154201,0.9271873033109997,6,10,3,0,0,1,0,300,3
153.0546214201,0.9068997640792341,8,9,3,0,0,0,0,300,3
153.0757514201,0.9326702671436308,5,13,5,0,0,0,0,500,5
153.0886004201,0.9185134458108085,7,14,2,0,0,1,0,200,2
153.0910064201,0.8984156969522472,9,13,2,0,0,0,0,200,2
153.1121364201,0.9239451163968719,6,17,4,0,0,0,0,400,4
153.1249854201,0.90992073243723,8,18,1,0,0,1,0,100,1
153.1273914201,0.8900109984587811,10,17,1,0,0,0,0,100,1
153.1485214201,0.9153015896261694,7,21,3,0,0,0,0,300,3
154.9975014201,0.9238133181136646,6,3,5,0,0,0,0,500,5
155.0103504201,0.9097909346946351,8,4,2,0,0,1,0,200,2
155.0127564201,0.8898840407861329,10,3,2,0,0,0,0,200,2
155.0314804201,0.935643593388744,5,8,4,0,0,1,0,400,4
155.0338864201,0.915171024318784,7,7,4,0,0,0,0,400,4
155.0467354201,0.9012798206033109,9,8,1,0,0,1,0,100,1
155.0491414201,0.8815591561226893,11,7,1,0,0,0,0,100,1
155.0678654201,0.9268906271099352,6,12,3,0,0,1,0,300,3
155.0702714201,0.9066095793713627,8,11,3,0,0,0,0,300,3
155.0914014201,0.9323718365345034,5,15,5,0,0,0,0,500,5
155.10425042010002,0.9182195450220931,7,16,2,0,0,1,0,200,2
155.1066564201,0.8981282269286642,9,15,2,0,0,0,0,200,2
155.14063542009998,0.9096295810968207,8,20,1,0,0,1,0,100,1
155.1430414201,0.8897262177235558,10,19,1,0,0,0,0,100,1
156.9896154201,0.9180885634762269,7,2,3,0,0,1,0,300,3
157.0131514201,0.9235177215014893,6,5,5,0,0,0,0,500,5
157.0260004201,0.9094998248861808,8,6,2,0,0,1,0,200,2
157.0284064201,0.8895993006741129,10,5,2,0,0,0,0,200,2
157.0471304201,0.9353442113913355,5,10,4,0,0,1,0,400,4
157.0495364201,0.9148781930193801,7,9,4,0,0,0,0,400,4
157.0623854201,0.900991434133481,9,10,1,0,0,1,0,100,1
157.0647914201,0.8812770797606443,11,9,1,0,0,0,0,100,1
157.08351542009999,0.92659404583766,6,14,3,0,0,1,0,300,3
157.08592142010002,0.906319487515169,8,13,3,0,0,0,0,300,3
157.1199004201,0.9179257382741064,7,18,2,0,0,1,0,200,2
157.12230642010002,0.8978408488881297,9,17,2,0,0,0,0,200,2
157.1562854201,0.9093385229173868,8,22,1,0,0,1,0,100,1
157.15869142009998,0.8894415281108753,10,21,1,0,0,0,0,100,1
159.00526542010002,0.9177947986389817,7,4,3,0,0,1,0,300,3
159.0076714201,0.8977127743083989,9,3,3,0,0,0,0,300,3
159.02880142010002,0.9232222194726624,6,7,5,0,0,0,0,500,5
159.0416504201,0.9092088082254125,8,8,2,0,0,1,0,200,2
159.04405642010002,0.889314651671639,10,7,2,0,0,0,0,200,2
159.0627804201,0.935044925188502,5,12,4,0,0,1,0,400,4
159.0651864201,0.9145854554184956,7,11,4,0,0,0,0,400,4
159.0780354201,0.900703139939939,9,12,1,0,0,1,0,100,1
159.0804414201,0.8809950936558141,11,11,1,0,0,0,0,100,1
159.0991654201,0.9262975594637993,6,16,3,0,0,1,0,300,3
159.10157142010002,0.9060294884809428,8,15,3,0,0,0,0,300,3
159.1355504201,0.9176320255367575,7,20,2,0,0,1,0,200,2
159.1379564201,0.897553562801211,9,19,2,0,0,0,0,200,2
159.1719354201,0.9090475578691194,8,24,1,0,0,1,0,100,1
159.1743414201,0.8891569295915828,10,23,1,0,0,0,0,100,1
160.9845304201,0.9261654256109224,6,2,4,0,0,1,0,400,4
161.0209154201,0.9175011277989641,7,6,3,0,0,1,0,300,3
161.0233214201,0.8974255292020672,9,5,3,0,0,0,0,300,3
161.04445142010002,0.9229268119969198,6,9,5,0,0,0,0,500,5
161.0573004201,0.9089178846825258,8,10,2,0,0,1,0,200,2
161.0597064201,0.8890300937495592,10,9,2,0,0,0,0,200,2
161.0784304201,0.9347457347495917,5,14,4,0,0,1,0,400,4
161.0808364201,0.9142928114861493,7,13,4,0,0,0,0,400,4
161.0936854201,0.9004149379931584,9,14,1,0,0,1,0,100,1
161.09609142009998,0.8807131977793186,11,13,1,0,0,0,0,100,1
161.1148154201,0.9260011679579884,6,18,3,0,0,1,0,300,3
161.1172214201,0.9057395822389838,8,17,3,0,0,0,0,300,3
161.1536064201,0.8972663686384857,9,21,2,0,0,0,0,200,2
161.1899914201,0.8888724221365308,10,25,1,0,0,0,0,100,1
163.0001804201,0.9258690763845617,6,4,4,0,0,1,0,400,4
163.00258642010002,0.9056103809262072,8,3,4,0,0,0,0,400,4
163.0154354201,0.8918642963649557,10,4,1,0,0,1,0,100,1
163.01784142009998,0.8723496504705368,12,3,1,0,0,0,0,100,1
163.0365654201,0.9172075509260972,7,8,3,0,0,1,0,300,3
163.0389714201,0.897138376006816,9,7,3,0,0,0,0,300,3
163.0601014201,0.9226314990440071,6,11,5,0,0,0,0,500,5
163.0729504201,0.9086270542277252,8,12,2,0,0,1,0,200,2
163.0753564201,0.8887456268787296,10,11,2,0,0,0,0,200,2
163.0964864201,0.9140002611923695,7,15,4,0,0,0,0,400,4
163.1093354201,0.900126828263623,9,16,1,0,0,1,0,100,1
163.1117414201,0.8804313921022868,11,15,1,0,0,0,0,100,1
163.1328714201,0.9054497687596004,8,19,3,0,0,0,0,300,3
163.16925642010003,0.8969792663705404,9,23,2,0,0,0,0,200,2
163.2056414201,0.888588005716581,10,27,1,0,0,0,0,100,1
164.9794454201,0.9343133437466817,5,2,5,0,0,1,0,500,5
164.9947004201,0.8999984275950893,9,2,2,0,0,1,0,200,2
165.0158304201,0.925572821982367,6,6,4,0,0,1,0,400,4
165.0182364201,0.9053206087879366,8,5,4,0,0,0,0,400,4
165.0310854201,0.8915789226218449,10,6,1,0,0,1,0,100,1
165.0334914201,0.8720705209145373,12,5,1,0,0,0,0,100,1
165.0522154201,0.9169140679903139,7,10,3,0,0,1,0,300,3
165.0546214201,0.8968513146932361,9,9,3,0,0,0,0,300,3
165.0757514201,0.9223362805836793,6,13,5,0,0,0,0,500,5
165.0886004201,0.9083363168312247,8,14,2,0,0,1,0,200,2
165.0910064201,0.8884612510300164,10,13,2,0,0,0,0,200,2
165.1121364201,0.9137078045071946,7,17,4,0,0,0,0,400,4
165.1249854201,0.8998388107218254,9,18,1,0,0,1,0,100,1
165.1273914201,0.8801496765958577,11,17,1,0,0,0,0,100,1
165.1485214201,0.9051600480131113,8,21,3,0,0,0,0,300,3
165.18490642010002,0.896692255967971,9,25,2,0,0,0,0,200,2
165.2212914201,0.8883036803026046,10,29,1,0,0,0,0,100,1
166.9950954201,0.9340143873951042,5,4,5,0,0,1,0,500,5
166.9975014201,0.9135774665489653,7,3,5,0,0,0,0,500,5
167.0103504201,0.8997104511382185,9,4,2,0,0,1,0,200,2
167.0127564201,0.8800241256142225,11,3,2,0,0,0,0,200,2
167.0314804201,0.9252766623739969,6,8,4,0,0,1,0,400,4
167.0338864201,0.9050309293693319,8,7,4,0,0,0,0,400,4
167.0467354201,0.8912936401910262,10,8,1,0,0,1,0,100,1
167.0491414201,0.8717914806728498,12,7,1,0,0,0,0,100,1
167.0678654201,0.9166206789615572,7,12,3,0,0,1,0,300,3
167.0702714201,0.896564345231928,9,11,3,0,0,0,0,300,3
167.0914014201,0.9220411565857012,6,15,5,0,0,0,0,500,5
167.10425042010002,0.9080456724632484,8,16,2,0,0,1,0,200,2
167.10665642010002,0.8881769661742946,10,15,2,0,0,0,0,200,2
167.1277864201,0.913415441400672,7,19,4,0,0,0,0,400,4
167.14063542009998,0.8995508853382679,9,20,1,0,0,1,0,100,1
167.1430414201,0.8798680512311786,11,19,1,0,0,0,0,100,1
167.1641714201,0.9048704199698444,8,23,3,0,0,0,0,300,3
167.2005564201,0.8964053374013828,9,27,2,0,0,0,0,200,2
168.9896154201,0.9079161421929105,8,2,3,0,0,1,0,300,3
169.0107454201,0.933715526701906,5,6,5,0,0,1,0,500,5
169.0131514201,0.9132851451472528,7,5,5,0,0,0,0,500,5
169.0260004201,0.8994225668264418,9,6,2,0,0,1,0,200,2
169.02840642010003,0.8797425404226435,11,5,2,0,0,0,0,200,2
169.0471304201,0.9249805975291195,6,10,4,0,0,1,0,400,4
169.0495364201,0.9047413426407255,8,9,4,0,0,0,0,400,4
169.0623854201,0.8910084490432821,10,10,1,0,0,1,0,100,1
169.0647914201,0.8715125297168964,12,9,1,0,0,0,0,100,1
169.08351542009999,0.9163273838097787,7,14,3,0,0,1,0,300,3
169.08592142010002,0.8962774675935008,9,13,3,0,0,0,0,300,3
169.1070514201,0.9217461270198474,6,17,5,0,0,0,0,500,5
169.1199004201,0.9077551210940293,8,18,2,0,0,1,0,200,2
169.12230642010002,0.8878927722824492,10,17,2,0,0,0,0,200,2
169.1434364201,0.913123171842859,7,21,4,0,0,0,0,400,4
169.15628542009998,0.8992630520834621,9,22,1,0,0,1,0,100,1
169.15869142009998,0.8795865159794066,11,21,1,0,0,0,0,100,1
170.99241642010003,0.921614642416554,6,3,6,0,0,0,0,600,6
171.00526542010002,0.9076256322700619,8,4,3,0,0,1,0,300,3
171.0076714201,0.8877661167690619,10,3,3,0,0,0,0,300,3
171.0263954201,0.9334167616364788,5,8,5,0,0,1,0,500,5
171.02880142010002,0.9129929172809053,7,7,5,0,0,0,0,500,5
171.0416504201,0.899134774630275,9,8,2,0,0,1,0,200,2
171.04405642010002,0.8794610453311172,11,7,2,0,0,0,0,200,2
171.0627804201,0.9246846274174135,6,12,4,0,0,1,0,400,4
171.0651864201,0.9044518485724587,8,11,4,0,0,0,0,400,4
171.07803542009998,0.8907233491494045,10,12,1,0,0,1,0,100,1
171.0804414201,0.8712336680181076,12,11,1,0,0,0,0,100,1
171.0991654201,0.9160341825049405,7,16,3,0,0,1,0,300,3
171.10157142010002,0.895990681748574,9,15,3,0,0,0,0,300,3
171.1355504201,0.9074646626938103,8,20,2,0,0,1,0,200,2
171.1379564201,0.8876086693253736,10,19,2,0,0,0,0,200,2
171.1719354201,0.8989753109279295,9,24,1,0,0,1,0,100,1
171.1743414201,0.8793050708117081,11,23,1,0,0,0,0,100,1
172.9845304201,0.9159035126951535,7,2,4,0,0,1,0,400,4
173.00806642010002,0.9213197493243156,6,5,6,0,0,0,0,600,6
173.0209154201,0.9073352153029516,8,6,3,0,0,1,0,300,3
173.0233214201,0.8874820543385084,10,5,3,0,0,0,0,300,3
173.04204542009998,0.9331180921682241,5,10,5,0,0,1,0,500,5
173.04445142010002,0.912700782919994,7,9,5,0,0,0,0,500,5
173.0573004201,0.8988470745202434,9,10,2,0,0,1,0,200,2
173.0597064201,0.879179640310814,11,9,2,0,0,0,0,200,2
173.0784304201,0.9243887520085663,6,14,4,0,0,1,0,400,4
173.0808364201,0.9041624471348828,8,13,4,0,0,0,0,400,4
173.0936854201,0.8904383404801943,10,14,1,0,0,1,0,100,1
173.09609142009998,0.8709548955479236,12,13,1,0,0,0,0,100,1
173.1148154201,0.915741075017014,7,18,3,0,0,1,0,300,3
173.1172214201,0.8957039876677758,9,17,3,0,0,0,0,300,3
173.1512004201,0.9071742972328435,8,22,2,0,0,1,0,200,2
173.1536064201,0.8873246572739714,10,21,2,0,0,0,0,200,2
173.1875854201,0.8986876618422004,9,26,1,0,0,1,0,100,1
173.1899914201,0.879023715699258,11,25,1,0,0,0,0,100,1
175.0001804201,0.9156104470182209,7,4,4,0,0,1,0,400,4
175.00258642010002,0.8955762179055449,9,3,4,0,0,0,0,400,4
175.01543542009998,0.8819824399612319,11,4,1,0,0,1,0,100,1
175.01784142009998,0.8626840163433235,13,3,1,0,0,0,0,100,1
175.02371642010002,0.9210249505903173,6,7,6,0,0,0,0,600,6
175.0365654201,0.9070448912618361,8,8,3,0,0,1,0,300,3
175.0389714201,0.8871980828006606,10,7,3,0,0,0,0,300,3
175.0576954201,0.9328195182665534,5,12,5,0,0,1,0,500,5
175.0601014201,0.9124087420345995,7,11,5,0,0,0,0,500,5
175.0729504201,0.8985594664668819,9,12,2,0,0,1,0,200,2
175.0753564201,0.8788983253329132,11,11,2,0,0,0,0,200,2
175.0940804201,0.9240929712722754,6,16,4,0,0,1,0,400,4
175.0964864201,0.903873138298358,8,15,4,0,0,0,0,400,4
175.1093354201,0.8901534230064622,10,16,1,0,0,1,0,100,1
175.1117414201,0.8706762122777936,12,15,1,0,0,0,0,100,1
175.1304654201,0.91544806131598,7,20,3,0,0,1,0,300,3
175.1328714201,0.8954173853217441,9,19,3,0,0,0,0,300,3
175.1668504201,0.906884024681391,8,24,2,0,0,1,0,200,2
175.16925642010003,0.8870407360991549,10,23,2,0,0,0,0,200,2
175.2056414201,0.8787424506132413,11,27,1,0,0,0,0,100,1
176.9794454201,0.9239611518979683,6,2,5,0,0,1,0,500,5
177.0158304201,0.9153174751148025,7,6,4,0,0,1,0,400,4
177.0182364201,0.8952896564425662,9,5,4,0,0,0,0,400,4
177.0310854201,0.8817002281591948,11,6,1,0,0,1,0,100,1
177.0334914201,0.8624079795428043,13,5,1,0,0,0,0,100,1
177.0393664201,0.920730246184367,6,9,6,0,0,0,0,600,6
177.0522154201,0.9067546601169814,8,10,3,0,0,1,0,300,3
177.0546214201,0.8869142021264351,10,9,3,0,0,0,0,300,3
177.0733454201,0.9325210399008876,5,14,5,0,0,1,0,500,5
177.0757514201,0.9121167945948121,7,13,5,0,0,0,0,500,5
177.0886004201,0.8982719504407347,9,14,2,0,0,1,0,200,2
177.0910064201,0.8786171003686037,11,13,2,0,0,0,0,200,2
177.1097304201,0.9237972851782483,6,18,4,0,0,1,0,400,4
177.1121364201,0.9035839220332549,8,17,4,0,0,0,0,400,4
177.1249854201,0.8898685966990276,10,18,1,0,0,1,0,100,1
177.1273914201,0.8703976181791756,12,17,1,0,0,0,0,100,1
177.1485214201,0.8951308746811261,9,21,3,0,0,0,0,300,3
177.18490642010002,0.8867569057718458,10,25,2,0,0,0,0,200,2
177.2212914201,0.8784612755248518,11,29,1,0,0,0,0,100,1
178.9950954201,0.9236655079827665,6,4,5,0,0,1,0,500,5
178.9975014201,0.9034550282196028,8,3,5,0,0,0,0,500,5
179.0103504201,0.8897416593396071,10,4,2,0,0,1,0,200,2
179.0127564201,0.870273458302417,12,3,2,0,0,0,0,200,2
179.0314804201,0.915024596954893,7,8,4,0,0,1,0,400,4
179.0338864201,0.8950031866719198,9,7,4,0,0,0,0,400,4
179.0467354201,0.8814181066577097,11,8,1,0,0,1,0,100,1
179.0491414201,0.8621320310669948,13,7,1,0,0,0,0,100,1
179.0550164201,0.9204356360762822,6,11,6,0,0,0,0,600,6
179.0678654201,0.9064645218386631,8,12,3,0,0,1,0,300,3
179.0702714201,0.8866304122867582,10,11,3,0,0,0,0,300,3
179.0914014201,0.9118249405707316,7,15,5,0,0,0,0,500,5
179.10425042010002,0.8979845264123556,9,16,2,0,0,1,0,200,2
179.10665642010002,0.8783359653890834,11,15,2,0,0,0,0,200,2
179.1277864201,0.9032947983099525,8,19,4,0,0,0,0,400,4
179.14063542009998,0.8895838615287199,10,20,1,0,0,1,0,100,1
179.1430414201,0.8701191132235371,12,19,1,0,0,0,0,100,1
179.16417142010002,0.8948444557165784,9,23,3,0,0,0,0,300,3
179.2005564201,0.8864731662629756,10,27,2,0,0,0,0,200,2
179.23694142009998,0.8781801904052923,11,31,1,0,0,0,0,100,1
180.9896154201,0.897856431337413,9,2,3,0,0,1,0,300,3
181.0107454201,0.923369958666049,6,6,5,0,0,1,0,500,5
181.0131514201,0.9031659457390212,8,5,5,0,0,0,0,500,5
181.0260004201,0.8894569647860049,10,6,2,0,0,1,0,200,2
181.02840642010003,0.8699949930747607,12,5,2,0,0,0,0,200,2
181.0471304201,0.914731812508497,7,10,4,0,0,1,0,400,4
181.0495364201,0.8947168085642662,9,9,4,0,0,0,0,400,4
181.0623854201,0.8811360754278825,11,10,1,0,0,1,0,100,1
181.0647914201,0.8618561708876332,13,9,1,0,0,0,0,100,1
181.0706664201,0.92014112023589,6,13,6,0,0,0,0,600,6
181.08351542009999,0.9061744763971664,8,14,3,0,0,1,0,300,3
181.0859214201,0.8863467132525649,10,13,3,0,0,0,0,300,3
181.1070514201,0.9115331799324674,7,17,5,0,0,0,0,500,5
181.1199004201,0.8976971943523074,9,18,2,0,0,1,0,200,2
181.12230642010002,0.8780549203655597,11,17,2,0,0,0,0,200,2
181.1434364201,0.9030057670988402,8,21,4,0,0,0,0,400,4
181.15628542009998,0.8892992174663774,10,22,1,0,0,1,0,100,1
181.15869142009998,0.8698406973823549,12,21,1,0,0,0,0,100,1
181.1798214201,0.8945581283987671,9,25,3,0,0,0,0,300,3
181.2162064201,0.8861895175434845,10,29,2,0,0,0,0,200,2
181.25259142009998,0.8778991952257753,11,33,1,0,0,0,0,100,1
182.99241642010003,0.9114031521785787,7,3,6,0,0,0,0,600,6
183.00526542010002,0.8975691402645095,9,4,3,0,0,1,0,300,3
183.0076714201,0.8779296681952606,11,3,3,0,0,0,0,300,3
183.0263954201,0.9230745039175466,6,8,5,0,0,1,0,500,5
183.02880142010002,0.9028769557574329,8,7,5,0,0,0,0,500,5
183.0416504201,0.8891723613273715,10,8,2,0,0,1,0,200,2
183.04405642010002,0.8697166169488485,12,7,2,0,0,0,0,200,2
183.0627804201,0.9144391217456286,7,12,4,0,0,1,0,400,4
183.0651864201,0.8944305220902758,9,11,4,0,0,0,0,400,4
183.07803542009998,0.8808541344408292,11,12,1,0,0,1,0,100,1
183.0804414201,0.8615803989764672,13,11,1,0,0,0,0,100,1
183.0863164201,0.9198466986330271,6,15,6,0,0,0,0,600,6
183.0991654201,0.9058845237627858,8,16,3,0,0,1,0,300,3
183.10157142010002,0.8860631049947998,10,15,3,0,0,0,0,300,3
183.1227014201,0.9112415126501383,7,19,5,0,0,0,0,500,5
183.1355504201,0.8974099542311628,9,20,2,0,0,1,0,200,2
183.1379564201,0.8777739652692484,11,19,2,0,0,0,0,200,2
183.1590864201,0.9027168283703161,8,23,4,0,0,0,0,400,4
183.1719354201,0.8890146644828482,10,24,1,0,0,1,0,100,1
183.1743414201,0.8695623706271144,12,23,1,0,0,0,0,100,1
183.1954714201,0.8942718926983675,9,27,3,0,0,0,0,300,3
184.9845304201,0.9057553017744913,8,2,4,0,0,1,0,400,4
185.00806642010002,0.9111115265018022,7,5,6,0,0,0,0,600,6
185.0209154201,0.8972819411173948,9,6,3,0,0,1,0,300,3
185.02332142010002,0.8776487531764376,11,5,3,0,0,0,0,300,3
185.04204542009998,0.9227791437070002,6,10,5,0,0,1,0,500,5
185.04445142010002,0.9025880582452405,8,9,5,0,0,0,0,500,5
185.0573004201,0.8888878489345592,10,10,2,0,0,1,0,200,2
185.0597064201,0.8694383298961702,12,9,2,0,0,0,0,200,2
185.0784304201,0.9141465246363114,7,14,4,0,0,1,0,400,4
185.0808364201,0.8941443272206282,9,13,4,0,0,0,0,400,4
185.0936854201,0.8805722836676738,11,14,1,0,0,1,0,100,1
185.09609142009998,0.8613047153052529,13,13,1,0,0,0,0,100,1
185.1019664201,0.91955237123754,6,17,6,0,0,0,0,600,6
185.1148154201,0.9055946639058255,8,18,3,0,0,1,0,300,3
185.1172214201,0.885779587484417,10,17,3,0,0,0,0,300,3
185.13835142009998,0.910949938693873,7,21,5,0,0,0,0,500,5
185.1512004201,0.8971228060195036,9,22,2,0,0,1,0,200,2
185.1536064201,0.8774931000713757,11,21,2,0,0,0,0,200,2
185.1875854201,0.8887302025489889,10,26,1,0,0,1,0,100,1
185.1899914201,0.8692841329293103,12,25,1,0,0,0,0,100,1
186.98733142010002,0.9194211995676026,6,3,7,0,0,0,0,700,7
187.0001804201,0.905465483265259,8,4,4,0,0,1,0,400,4
187.00258642010002,0.8856532334111514,10,3,4,0,0,0,0,400,4
187.01543542009998,0.8722100745264615,12,4,1,0,0,1,0,100,1
187.01784142009998,0.8531254774422393,14,3,1,0,0,0,0,100,1
187.02371642010002,0.9108199941377766,7,7,6,0,0,0,0,600,6
187.0365654201,0.8969948338666549,9,8,3,0,0,1,0,300,3
187.0389714201,0.8773679280432292,11,7,3,0,0,0,0,300,3
187.0576954201,0.92248387800416,6,12,5,0,0,1,0,500,5
187.0601014201,0.9022992531728562,8,11,5,0,0,0,0,500,5
187.0729504201,0.8886034275784289,10,12,2,0,0,1,0,200,2
187.0753564201,0.8691601318882246,12,11,2,0,0,0,0,200,2
187.0940804201,0.9138540211505788,7,16,4,0,0,1,0,400,4
187.0964864201,0.8938582239260122,9,15,4,0,0,0,0,400,4
187.1093354201,0.8802905230795504,11,16,1,0,0,1,0,100,1
187.1117414201,0.8610291198457557,13,15,1,0,0,0,0,100,1
187.1304654201,0.905304896796599,8,20,3,0,0,1,0,300,3
187.1328714201,0.8854961606923792,10,19,3,0,0,0,0,300,3
187.16685042010002,0.896835749687921,9,24,2,0,0,1,0,200,2
187.16925642010003,0.8772123247431761,11,23,2,0,0,0,0,200,2
187.2032354201,0.8884458316356664,10,28,1,0,0,1,0,100,1
187.2056414201,0.8690059842604465,12,27,1,0,0,0,0,100,1
188.9794454201,0.913723662334939,7,2,5,0,0,1,0,500,5
189.0029814201,0.9191270083209236,6,5,7,0,0,0,0,700,7
189.0158304201,0.9051757574905305,8,6,4,0,0,1,0,400,4
189.0182364201,0.8853698470491826,10,5,4,0,0,0,0,400,4
189.0310854201,0.871930989631191,12,6,1,0,0,1,0,100,1
189.0334914201,0.8528524991294699,14,5,1,0,0,0,0,100,1
189.0393664201,0.9105285550566443,7,9,6,0,0,0,0,600,6
189.0522154201,0.8967078184828852,9,10,3,0,0,1,0,300,3
189.0546214201,0.8770871927668742,11,9,3,0,0,0,0,300,3
189.0733454201,0.9221887067787858,6,14,5,0,0,1,0,500,5
189.0757514201,0.9020105405107017,8,13,5,0,0,0,0,500,5
189.08860042010002,0.8883190972298515,10,14,2,0,0,1,0,200,2
189.0910064201,0.8688820228965196,12,13,2,0,0,0,0,200,2
189.1097304201,0.9135616112584735,7,18,4,0,0,1,0,400,4
189.1121364201,0.8935722121771265,9,17,4,0,0,0,0,400,4
189.1249854201,0.8800088526476023,11,18,1,0,0,1,0,100,1
189.1273914201,0.8607536125697505,13,17,1,0,0,0,0,100,1
189.14611542010002,0.9050152224054293,8,22,3,0,0,1,0,300,3
189.1485214201,0.8852128245896592,10,21,3,0,0,0,0,300,3
189.1825004201,0.896548785207016,9,26,2,0,0,1,0,200,2
189.18490642010002,0.8769316392558938,11,25,2,0,0,0,0,200,2
189.21888542009998,0.8881615517137562,10,30,1,0,0,1,0,100,1
189.2212914201,0.8687279245920364,12,29,1,0,0,0,0,100,1
190.9950954201,0.9134312941543175,7,4,5,0,0,1,0,500,5
190.9975014201,0.8934447465069296,9,3,5,0,0,0,0,500,5
191.0103504201,0.8798833217541242,11,4,2,0,0,1,0,200,2
191.0127564201,0.8606308283844263,13,3,2,0,0,0,0,200,2
191.0186314201,0.9188329112079123,6,7,7,0,0,0,0,700,7
191.0314804201,0.9048861244206328,8,8,4,0,0,1,0,400,4
191.0338864201,0.8850865513635949,10,7,4,0,0,0,0,400,4
191.0467354201,0.8716519940359422,12,8,1,0,0,1,0,100,1
191.0491414201,0.8525796081627725,14,7,1,0,0,0,0,100,1
191.0550164201,0.9102372092285571,7,11,6,0,0,0,0,600,6
191.0678654201,0.8964208949366907,9,12,3,0,0,1,0,300,3
191.0702714201,0.8768065473186208,11,11,3,0,0,0,0,300,3
191.08899542010002,0.9218936300006474,6,16,5,0,0,1,0,500,5
191.0914014201,0.9017219202292079,8,15,5,0,0,0,0,500,5
191.10425042010002,0.8880348578597067,10,16,2,0,0,1,0,200,2
191.10665642010002,0.8686040028925723,12,15,2,0,0,0,0,200,2
191.1253804201,0.9132692949300478,7,20,4,0,0,1,0,400,4
191.1277864201,0.8932862919446782,9,19,4,0,0,0,0,400,4
191.14063542009998,0.8797272723429816,11,20,1,0,0,1,0,100,1
191.1430414201,0.8604781934490204,13,19,1,0,0,0,0,100,1
191.1617654201,0.9047256407026492,8,24,3,0,0,1,0,300,3
191.16417142010002,0.8849295791472388,10,23,3,0,0,0,0,300,3
191.2005564201,0.8766510435807817,11,27,2,0,0,0,0,200,2
191.23694142009998,0.8684499538956016,12,31,1,0,0,0,0,100,1
192.9743604201,0.9217621243564511,6,2,6,0,0,1,0,600,6
193.0107454201,0.9131390195240292,7,6,5,0,0,1,0,500,5
193.0131514201,0.8931588670602328,9,5,5,0,0,0,0,500,5
193.02600042010002,0.8796017816161759,11,6,2,0,0,1,0,200,2
193.02840642010003,0.8603554485514925,13,5,2,0,0,0,0,200,2
193.0342814201,0.9185389081984482,6,9,7,0,0,0,0,700,7
193.0471304201,0.9045965840259028,8,10,4,0,0,1,0,400,4
193.0495364201,0.8848033463253742,10,9,4,0,0,0,0,400,4
193.0623854201,0.8713730877121416,12,10,1,0,0,1,0,100,1
193.0647914201,0.8523068045141983,14,9,1,0,0,0,0,100,1
193.0706664201,0.9099459566236764,7,13,6,0,0,0,0,600,6
193.08351542009999,0.8961340631986857,9,14,3,0,0,1,0,300,3
193.0859214201,0.8765259916697264,11,13,3,0,0,0,0,300,3
193.1046454201,0.921598647639524,6,18,5,0,0,1,0,500,5
193.1070514201,0.9014333922988157,8,17,5,0,0,0,0,500,5
193.1199004201,0.8877507094388839,10,18,2,0,0,1,0,200,2
193.12230642010002,0.8683260718479092,12,17,2,0,0,0,0,200,2
193.1434364201,0.8930004631993849,9,21,4,0,0,0,0,400,4
193.15628542009998,0.8794457821368499,11,22,1,0,0,1,0,100,1
193.15869142009998,0.8602028624553584,13,21,1,0,0,0,0,100,1
193.1798214201,0.8846464243361088,10,25,3,0,0,0,0,300,3
193.2162064201,0.8763705376891026,11,29,2,0,0,0,0,200,2
193.25259142009998,0.8681720721426738,12,33,1,0,0,0,0,100,1
194.9900104201,0.9214671840737674,6,4,6,0,0,1,0,600,6
194.99241642010003,0.9013048052524401,8,3,6,0,0,0,0,600,6
195.00526542010002,0.8876240741903788,10,4,3,0,0,1,0,300,3
195.0076714201,0.8682022074716571,12,3,3,0,0,0,0,300,3
195.0263954201,0.9128468384141403,7,8,5,0,0,1,0,500,5
195.02880142010002,0.8928730790876406,9,7,5,0,0,0,0,500,5
195.0416504201,0.8793203315638644,11,8,2,0,0,1,0,200,2
195.04405642010002,0.8600801568330553,13,7,2,0,0,0,0,200,2
195.0499314201,0.9182449992624206,6,11,7,0,0,0,0,700,7
195.0627804201,0.904307136276687,8,12,4,0,0,1,0,400,4
195.0651864201,0.8845202319055157,10,11,4,0,0,0,0,400,4
195.07803542009998,0.8710942706312248,12,12,1,0,0,1,0,100,1
195.0804414201,0.8520340881558078,14,11,1,0,0,0,0,100,1
195.0863164201,0.9096547972121731,7,15,6,0,0,0,0,600,6
195.0991654201,0.8958473232394941,9,16,3,0,0,1,0,300,3
195.10157142010002,0.8762455257914573,11,15,3,0,0,0,0,300,3
195.1227014201,0.9011449566899747,8,19,5,0,0,0,0,500,5
195.1355504201,0.8874666519382816,10,20,2,0,0,1,0,200,2
195.1379564201,0.8680482297340651,12,19,2,0,0,0,0,200,2
195.1590864201,0.892714725911973,9,23,4,0,0,0,0,400,4
195.1719354201,0.879164382000378,11,24,1,0,0,1,0,100,1
195.1743414201,0.8599276195605661,13,23,1,0,0,0,0,100,1
195.1954714201,0.8843633601272696,10,27,3,0,0,0,0,300,3
195.2318564201,0.8760901215521277,11,31,2,0,0,0,0,200,2
195.2682414201,0.8678942793047931,12,35,1,0,0,0,0,100,1
196.9845304201,0.8957195330308299,9,2,4,0,0,1,0,400,4
197.00566042009999,0.9211723381644237,6,6,6,0,0,1,0,600,6
197.00806642010002,0.9010164107881623,8,5,6,0,0,0,0,600,6
197.0209154201,0.8873400572098141,10,6,3,0,0,1,0,300,3
197.02332142010002,0.8679244049912427,12,5,3,0,0,0,0,300,3
197.04204542009998,0.9125547507947267,7,10,5,0,0,1,0,500,5
197.04445142010002,0.8925873825598831,9,9,5,0,0,0,0,500,5
197.0573004201,0.8790389715683642,11,10,2,0,0,1,0,200,2
197.0597064201,0.8598049532009207,13,9,2,0,0,0,0,200,2
197.0655814201,0.9179511843697286,6,13,7,0,0,0,0,700,7
197.0784304201,0.9040177811433411,8,14,4,0,0,1,0,400,4
197.08083642009998,0.8842372080750237,10,13,4,0,0,0,0,400,4
197.0936854201,0.8708155427646359,12,14,1,0,0,1,0,100,1
197.09609142009998,0.8517614590596706,14,13,1,0,0,0,0,100,1
197.1019664201,0.9093637309642281,7,17,6,0,0,0,0,600,6
197.1148154201,0.8955606750297489,9,18,3,0,0,1,0,300,3
197.1172214201,0.8759651496550895,11,17,3,0,0,0,0,300,3
197.13835142009998,0.9008566133731448,8,21,5,0,0,0,0,500,5
197.1512004201,0.8871826853288075,10,22,2,0,0,1,0,200,2
197.1536064201,0.8677704765225849,12,21,2,0,0,0,0,200,2
197.1747364201,0.892429080053178,9,25,4,0,0,0,0,400,4
197.1875854201,0.878883071904746,11,26,1,0,0,1,0,100,1
197.1899914201,0.8596524647364535,13,25,1,0,0,0,0,100,1
197.2111214201,0.8840803864917309,10,29,3,0,0,0,0,300,3
197.2475064201,0.875809795141138,11,33,2,0,0,0,0,200,2
197.2838914201,0.8676165753535091,12,37,1,0,0,0,0,100,1
198.98733142010002,0.9092340126763937,7,3,7,0,0,0,0,700,7
199.0001804201,0.8954329257106799,9,4,4,0,0,1,0,400,4
199.0025864201,0.8758401955849558,11,3,4,0,0,0,0,400,4
199.01543542009998,0.8625459869007084,13,4,1,0,0,1,0,100,1
199.0213104201,0.9208775865982228,6,8,6,0,0,1,0,600,6
199.02371642010002,0.9007281086027301,8,7,6,0,0,0,0,600,6
199.0365654201,0.8870561311074124,10,8,3,0,0,1,0,300,3
199.0389714201,0.8676466914005102,12,7,3,0,0,0,0,300,3
199.0576954201,0.912262756635874,7,12,5,0,0,1,0,500,5
199.0601014201,0.892301777447701,9,11,5,0,0,0,0,500,5
199.0729504201,0.87875770160086,11,12,2,0,0,1,0,200,2
199.0753564201,0.8595298376269032,13,11,2,0,0,0,0,200,2
199.08123142009998,0.9176574634902804,6,15,7,0,0,0,0,700,7
199.0940804201,0.9037285185962304,8,16,4,0,0,1,0,400,4
199.0964864201,0.8839542748049121,10,15,4,0,0,0,0,400,4
199.1093354201,0.870536904083829,12,16,1,0,0,1,0,100,1
199.1117414201,0.8514889171978647,14,15,1,0,0,0,0,100,1
199.1176164201,0.9090727578500308,7,19,6,0,0,0,0,600,6
199.1304654201,0.8952741185400925,9,20,3,0,0,1,0,300,3
199.1328714201,0.8756848632319076,11,19,3,0,0,0,0,300,3
199.1540014201,0.9005683623187947,8,23,5,0,0,0,0,500,5
199.16685042010002,0.886898809581379,10,24,2,0,0,1,0,200,2
199.16925642010003,0.8674928121850218,12,23,2,0,0,0,0,200,2
199.1903864201,0.8921435255937453,9,27,4,0,0,0,0,400,4
199.2032354201,0.878601851821143,11,28,1,0,0,1,0,100,1
199.2056414201,0.8593773979548409,13,27,1,0,0,0,0,100,1
